N,P,K,temperature,humidity,ph,rainfall,label
90.0,42.0,43.0,20.87974371,82.00274423,6.502985292000001,202.9355362,rice
85.0,58.0,41.0,21.77046169,80.31964408,7.038096361,226.6555374,rice
60.0,55.0,44.0,23.00445915,82.3207629,7.840207144,263.9642476,rice
74.0,35.0,40.0,26.49109635,80.15836264,6.980400905,242.8640342,rice
78.0,42.0,42.0,20.13017482,81.60487287,7.628472891,262.7173405,rice
69.0,37.0,42.0,23.05804872,83.37011772,7.073453503,251.0549998,rice
69.0,55.0,38.0,22.70883798,82.63941394,5.70080568,271.3248604,rice
94.0,53.0,40.0,20.27774362,82.89408619,5.718627177999999,241.9741949,rice
89.0,54.0,38.0,24.51588066,83.53521629999999,6.685346424,230.4462359,rice
68.0,58.0,38.0,23.22397386,83.03322691,6.336253525,221.2091958,rice
91.0,53.0,40.0,26.52723513,81.41753846,5.386167788,264.6148697,rice
90.0,46.0,42.0,23.97898217,81.45061596,7.50283396,250.0832336,rice
78.0,58.0,44.0,26.80079604,80.88684822,5.108681786,284.4364567,rice
93.0,56.0,36.0,24.01497622,82.05687182,6.98435366,185.2773389,rice
94.0,50.0,37.0,25.66585205,80.66385045,6.94801983,209.5869708,rice
60.0,48.0,39.0,24.28209415,80.30025587,7.042299068999999,231.0863347,rice
85.0,38.0,41.0,21.58711777,82.7883708,6.2490506560000005,276.65524589999995,rice
91.0,35.0,39.0,23.79391957,80.41817957,6.970859754,206.2611855,rice
77.0,38.0,36.0,21.8652524,80.1923008,5.953933276,224.55501690000003,rice
88.0,35.0,40.0,23.57943626,83.58760316,5.85393208,291.2986618000001,rice
89.0,45.0,36.0,21.32504158,80.47476396,6.442475375,185.4974732,rice
76.0,40.0,43.0,25.15745531,83.11713476,5.070175667,231.3843163,rice
67.0,59.0,41.0,21.94766735,80.97384195,6.012632591,213.3560921,rice
83.0,41.0,43.0,21.0525355,82.67839517,6.254028451,233.1075816,rice
98.0,47.0,37.0,23.48381344,81.33265073,7.375482851,224.0581164,rice
66.0,53.0,41.0,25.0756354,80.52389148,7.778915154,257.0038865,rice
97.0,59.0,43.0,26.35927159,84.04403589,6.2865001760000006,271.35861370000003,rice
97.0,50.0,41.0,24.52922681,80.54498576,7.070959995,260.2634026,rice
60.0,49.0,44.0,20.77576147,84.49774397,6.244841491,240.0810647,rice
84.0,51.0,35.0,22.30157427,80.64416466,6.043304899,197.9791215,rice
73.0,57.0,41.0,21.44653958,84.94375962,5.824709117,272.2017204,rice
92.0,35.0,40.0,22.17931888,80.33127223,6.3573893660000005,200.0882787,rice
85.0,37.0,39.0,24.52783742,82.73685569,6.364134967999999,224.67572310000003,rice
98.0,53.0,38.0,20.26707606,81.63895217,5.01450727,270.4417274,rice
88.0,54.0,44.0,25.7354293,83.88266234,6.149410611,233.1321372,rice
95.0,55.0,42.0,26.79533926,82.1480873,5.950660556,193.3473987,rice
99.0,57.0,35.0,26.75754171,81.17734011,5.960370061,272.29990560000005,rice
95.0,39.0,36.0,23.86330467,83.15250801,5.561398642,285.2493645,rice
60.0,43.0,44.0,21.01944696,82.95221726,7.416245107000001,298.40184710000005,rice
63.0,44.0,41.0,24.17298839,83.7287574,5.583370042,257.0343554,rice
62.0,42.0,36.0,22.78133816,82.06719137,6.430010215,248.7183228,rice
64.0,45.0,43.0,25.62980105,83.52842314,5.534878156,209.9001977,rice
83.0,60.0,36.0,25.59704938,80.14509262,6.903985986,200.834898,rice
82.0,40.0,40.0,23.83067496,84.81360127,6.271478837999999,298.5601175,rice
85.0,52.0,45.0,26.31355498,82.36698992,7.224285503,265.5355937,rice
91.0,35.0,38.0,24.8972823,80.52586088,6.13428721,183.6793207,rice
76.0,49.0,42.0,24.958779,84.47963372,5.206373153,196.95600080000003,rice
74.0,39.0,38.0,23.24113501,84.59201843,7.782051312999999,233.0453455,rice
79.0,43.0,39.0,21.66628296,80.70960551,7.062779015,210.8142087,rice
88.0,55.0,45.0,24.63544858,80.41363018,7.730367824,253.7202781,rice
60.0,36.0,43.0,23.43121862,83.06310136,5.286203711000001,219.9048349,rice
76.0,60.0,39.0,20.0454142,80.3477562,6.766240045,208.5810155,rice
93.0,56.0,42.0,23.85724032,82.22572988,7.382762603,195.0948311,rice
65.0,60.0,43.0,21.97199397,81.89918197,5.658169482000001,227.3637009,rice
95.0,52.0,36.0,26.22916897,83.83625819,5.543360237999999,286.5083725,rice
75.0,38.0,39.0,23.44676801,84.79352417,6.215109715,283.9338466,rice
74.0,54.0,38.0,25.65553461,83.47021081,7.120272972,217.3788583,rice
91.0,36.0,45.0,24.44345477,82.45432595,5.950647577000001,267.97619480000003,rice
71.0,46.0,40.0,20.2801937,82.1235421,7.236705436,191.9535738,rice
99.0,55.0,35.0,21.7238313,80.2389895,6.501697816,277.9626192,rice
72.0,40.0,38.0,20.41447029,82.20802629,7.592490617,245.1511304,rice
83.0,58.0,45.0,25.75528612,83.51827127,5.875345751,245.6626799,rice
93.0,58.0,38.0,20.61521424,83.77345559,6.932400225,279.5451717,rice
70.0,36.0,42.0,21.84106875,80.72886384,6.9462098810000015,202.3838319,rice
76.0,47.0,42.0,20.08369642,83.29114712,5.739175027000001,263.6372176,rice
99.0,41.0,36.0,24.45802087,82.74835604,6.738652179,182.5616319,rice
99.0,54.0,37.0,21.14347496,80.33502926,5.5948196260000005,198.6730942,rice
86.0,59.0,35.0,25.78720567,82.11124033,6.946636369,243.5120414,rice
69.0,46.0,41.0,23.64124821,80.28597873,5.012139669,263.1103304,rice
91.0,56.0,37.0,23.43191632,80.56887849,6.363472207999999,269.5039162,rice
61.0,52.0,41.0,24.97669518,83.891805,6.880431223,204.8001847,rice
67.0,45.0,38.0,22.72791041,82.17068809999998,7.300410836,260.8875056,rice
79.0,42.0,37.0,24.87300744,82.84022551,6.587918707999999,295.6094492000001,rice
78.0,43.0,42.0,21.32376327,83.00320459,7.283736617000001,192.3197536,rice
75.0,54.0,36.0,26.29465461,84.56919326,7.023936392,257.4914906,rice
97.0,36.0,45.0,22.2286982,81.85872947,6.939083505,278.0791793,rice
67.0,47.0,44.0,26.73072391,81.78596776,7.868474653,280.4044392,rice
73.0,35.0,38.0,24.88921174,81.97927117,5.005306977,185.9461429,rice
77.0,36.0,37.0,26.88444878,81.46033732,6.136131869,194.5766559,rice
81.0,41.0,38.0,22.67846116,83.72874389,7.5240800760000015,200.9133156,rice
68.0,57.0,43.0,26.08867875,80.37979919,5.706943251,182.9043504,rice
72.0,45.0,35.0,25.42977518,82.94682591,5.758506323,195.3574542,rice
61.0,53.0,43.0,26.40323239,81.05635517,6.349606327,223.3671883,rice
67.0,43.0,39.0,26.04371967,84.96907151,5.9999690260000005,186.7536773,rice
67.0,58.0,39.0,25.2827223,80.54372813,5.453592032,220.1156708,rice
66.0,60.0,38.0,22.08576562,83.47038318,6.372576327000001,231.7364957,rice
82.0,43.0,38.0,23.28617173,81.43321641,5.105588355,242.3170629,rice
84.0,50.0,44.0,25.48591986,81.40633547,5.9353444060000005,182.6549356,rice
81.0,53.0,42.0,23.67575393,81.03569343,5.17782304,233.7034975,rice
91.0,50.0,40.0,20.82477109,84.1341879,6.462391607000001,230.22422230000004,rice
93.0,53.0,38.0,26.92995077,81.91411159,7.069172227,290.67937830000005,rice
90.0,44.0,38.0,23.83509503,83.88387074,7.473134377,241.20135130000003,rice
81.0,45.0,35.0,26.52872817,80.12267476,6.158376967000001,218.9163567,rice
78.0,40.0,38.0,26.46428311,83.85642678,7.549873681,248.2256491,rice
60.0,51.0,36.0,22.69657794,82.81088865,6.028321557999999,256.9964761,rice
88.0,46.0,42.0,22.68319059,83.46358271,6.604993475,194.2651719,rice
93.0,47.0,37.0,21.53346343,82.14004101,6.500343222000001,295.9248796,rice
60.0,55.0,45.0,21.40865769,83.32931909999998,5.935745417000001,287.5766935000001,rice
78.0,35.0,44.0,26.54348085,84.67353597,7.072655622,183.6222657,rice
65.0,37.0,40.0,23.35905428,83.59512273,5.333322606,188.413665,rice
71.0,54.0,16.0,22.61359953,63.69070564,5.7499144210000015,87.75953857,maize
61.0,44.0,17.0,26.10018422,71.57476937,6.931756557999999,102.2662445,maize
80.0,43.0,16.0,23.55882094,71.59351368,6.657964753,66.71995467,maize
73.0,58.0,21.0,19.97215954,57.68272924,6.596060648,60.65171481,maize
61.0,38.0,20.0,18.47891261,62.69503871,5.970458434,65.43835393,maize
68.0,41.0,16.0,21.77689322,57.80840636,6.158830619,102.0861694,maize
93.0,41.0,17.0,25.6217169,66.50415474,6.047906679,105.4654703,maize
89.0,60.0,19.0,25.19192419,66.69029010000001,5.913664501,78.06639649,maize
76.0,44.0,17.0,20.41683147,62.55424820000001,5.855442401,65.27798457,maize
67.0,60.0,25.0,24.92162194,66.78627406,5.750254943,109.2162279,maize
70.0,44.0,19.0,23.31689124,73.4541537,5.852607099,94.29712821,maize
90.0,49.0,21.0,24.84016732,68.3584573,6.4725232870000005,74.05474936,maize
62.0,52.0,16.0,22.27526694,58.84015925,6.9670577620000005,63.87020584,maize
92.0,44.0,16.0,18.87751445,65.76816093,6.082973754,94.76189431,maize
66.0,54.0,21.0,25.19008683,60.200168700000006,5.919045532,72.12375573,maize
63.0,58.0,22.0,18.25405352,55.28220433,6.204747652999999,63.72358154,maize
70.0,47.0,17.0,24.612911800000006,70.4162444,6.600827017,104.1626147,maize
61.0,41.0,17.0,25.1420613,65.26185135,6.021902237000001,76.68456006,maize
66.0,53.0,19.0,23.09348056,60.11593810000001,6.033550195,65.49730729,maize
74.0,55.0,19.0,18.05033737,62.89366992,6.28886807,84.23613484,maize
77.0,57.0,21.0,24.9321581,73.80435276,6.550563822999999,79.74078719,maize
99.0,50.0,15.0,18.14710054,71.09445342,5.573286437,88.07753741,maize
74.0,56.0,22.0,18.28362235,66.65952796,6.829199275,80.97573281,maize
83.0,45.0,21.0,18.83344471,58.75082029,5.716222912,79.75328959999999,maize
100.0,48.0,16.0,25.71895816,67.22190688,5.54990242,74.51490791,maize
79.0,51.0,16.0,25.33797709,68.49835977,6.586244581,96.46380213,maize
94.0,39.0,18.0,23.89114571,57.48775781,5.893093135,102.8301942,maize
75.0,49.0,15.0,21.53574127,71.50905983,5.918263801,102.4852929,maize
78.0,48.0,22.0,23.08974909,63.10459626,5.588650585,70.43473609,maize
87.0,54.0,20.0,25.61707368,63.4711755,6.576418207000001,108.8303762,maize
87.0,35.0,25.0,21.44526922,63.1621551,6.178056304,65.88951188,maize
63.0,43.0,19.0,18.51816776,55.53128131,6.641906353,90.988051,maize
84.0,57.0,25.0,22.53510514,67.99257471,6.489040367,64.40866039,maize
64.0,35.0,23.0,23.02038334,61.89472002,5.680361037999999,63.03843397,maize
60.0,46.0,22.0,24.89364635,65.61418761,6.625404347999999,87.9298085,maize
98.0,44.0,21.0,25.77175115,74.089114,6.524478032,107.4931917,maize
75.0,56.0,18.0,19.39851734,62.35750641,5.696205468,60.95197486,maize
86.0,55.0,21.0,21.54156232,59.64024162,6.803931519,109.7515385,maize
98.0,35.0,18.0,23.79746068,74.82913698,6.252797547999999,91.76337172,maize
76.0,57.0,18.0,18.9802729,74.52600826,6.092725883,94.26249353,maize
99.0,56.0,17.0,24.10859207,73.13112261,6.234330356,71.07562236,maize
60.0,44.0,23.0,24.7947077,70.04556743,5.722579819,76.72860067,maize
74.0,48.0,17.0,21.63162756,60.27766379,6.430616465,69.21803098,maize
89.0,60.0,17.0,25.37548751,57.21025565,5.983952675,101.7004306,maize
69.0,51.0,23.0,22.21738222,72.85462807,6.80163854,106.6213157,maize
96.0,46.0,22.0,20.58314011,69.00128641,6.499936446,66.29390357,maize
61.0,60.0,15.0,24.87502824,68.74248334,6.265564338,91.26056654,maize
74.0,58.0,18.0,20.03728219,56.35606753,6.727303282,109.024141,maize
74.0,43.0,23.0,25.95263264,61.89082199,6.325235159,99.57981207,maize
63.0,43.0,17.0,19.28889933,65.47050802,6.807487794,71.3195307,maize
99.0,36.0,20.0,20.57981887,65.34583901,6.671085817000001,78.34604471,maize
77.0,36.0,23.0,24.71417533,56.73426469,6.648725327,88.45361858,maize
87.0,60.0,23.0,20.27317074,63.91281869,6.439071996,62.50351892,maize
60.0,38.0,17.0,18.41932981,64.23580251,6.474476516,76.41312437,maize
94.0,54.0,17.0,23.39128187,61.74427165,5.871647806,107.3198135,maize
95.0,38.0,22.0,19.84939404,61.24500053,5.730617109,100.7689246,maize
84.0,44.0,21.0,21.869274,61.91044947,5.850439831,107.2681929,maize
77.0,58.0,19.0,22.8056033,56.50768935,5.791649933,101.5952794,maize
66.0,44.0,20.0,19.0781471,69.02298571,6.740000687999999,80.72515943,maize
63.0,35.0,16.0,22.02720976,65.35549924,6.272417541,83.73280082,maize
79.0,45.0,20.0,23.80546189,59.24537979,5.715208817000001,89.96220140000001,maize
72.0,60.0,25.0,18.52510753,69.0276233,5.773454729,88.10234397,maize
67.0,51.0,24.0,23.50297882,61.32026065,5.584171461,64.77791424,maize
86.0,36.0,24.0,26.54986394,72.89187265,5.787268394,73.33636055,maize
76.0,48.0,18.0,19.29563411,69.63481219,5.77597783,83.21030571,maize
75.0,53.0,18.0,20.68899915,59.4375337,6.864793607,103.651438,maize
81.0,45.0,23.0,19.32666088,68.03449300000001,6.192360002999999,84.22969177,maize
73.0,45.0,21.0,24.60532218,73.58868502,6.636803222999999,96.59195302,maize
71.0,35.0,24.0,22.27373646,59.52193158,5.826426917,67.96704792,maize
96.0,54.0,22.0,25.70196694,61.33450447,6.960358276,83.20711308,maize
99.0,39.0,18.0,19.20129357,68.30578978,6.11275104,87.85092352,maize
62.0,48.0,20.0,21.70181447,60.47470519,6.708446922,95.71388473,maize
86.0,37.0,16.0,20.51716779,59.21235483,5.561510732,67.61013737,maize
94.0,50.0,19.0,23.30355338,73.62548442,5.873242491,97.59081274,maize
76.0,39.0,24.0,24.2547451,55.64709899,6.995843776,64.23845455,maize
77.0,52.0,17.0,24.86374934,65.7420046,5.714799723,75.82270467,maize
74.0,39.0,23.0,22.6265115,65.77472881,6.78073637,88.17251033,maize
81.0,49.0,20.0,18.04185513,60.61494304,5.513697923,104.2321615,maize
63.0,42.0,21.0,23.26237612,72.33125523,5.798423907999999,67.10225139,maize
99.0,38.0,21.0,22.88330922,71.59722446,6.352471866,67.72777298,maize
90.0,52.0,25.0,25.97482359,69.36385721,6.822586546,103.2234212,maize
68.0,40.0,19.0,26.14384005,66.20569924,6.655426355,107.2361366,maize
60.0,57.0,24.0,18.66116213,61.55327249,6.1212940410000005,75.03247667,maize
71.0,52.0,18.0,25.10787449,55.97732754,5.790770202999999,78.16077693,maize
61.0,59.0,17.0,23.33844615,59.24580604,6.47444292,105.0083144,maize
88.0,38.0,15.0,25.08239719,65.92195844,6.455116637000001,62.49190812,maize
65.0,60.0,22.0,25.36768364,72.52054555,6.6069840860000015,107.9124111,maize
78.0,37.0,22.0,25.34217103,63.31801994,6.330554389,74.52082026,maize
78.0,58.0,15.0,25.00933355,67.816568,6.5286312660000005,62.91359494,maize
92.0,60.0,23.0,18.66746724,71.516474,5.721667141,69.93293255,maize
79.0,59.0,17.0,20.37999665,63.73849998,6.644205485,108.5054416,maize
91.0,55.0,15.0,18.09300227,72.61024172,6.376651091,78.96159541,maize
76.0,51.0,18.0,26.16985907,71.96246617,6.247040422,79.84925393,maize
87.0,48.0,25.0,18.65396672,61.37879671,6.656730007999999,93.62039175,maize
71.0,60.0,22.0,26.07470121,59.37147589,6.2048017,85.75692395,maize
90.0,57.0,24.0,18.92851916,72.80086137,6.158860284,82.34162918,maize
67.0,35.0,22.0,23.30546753,63.24648023,6.385684213999999,108.7603001,maize
60.0,54.0,19.0,18.74826712,62.49878458,6.417820493,70.23401597,maize
83.0,58.0,23.0,19.74213321,59.66263104,6.381201909,65.50861389,maize
83.0,57.0,19.0,25.73044432,70.74739256,6.877869005,98.73771338,maize
40.0,72.0,77.0,17.02498456,16.98861173,7.485996067,88.55123143,chickpea
23.0,72.0,84.0,19.02061277,17.13159126,6.920251378,79.92698081,chickpea
39.0,58.0,85.0,17.88776475,15.40589717,5.9969320370000005,68.54932919,chickpea
22.0,72.0,85.0,18.86805647,15.65809214,6.391173589,88.51048983,chickpea
36.0,67.0,77.0,18.36952567,19.56381041,7.152811172000001,79.26357665,chickpea
32.0,73.0,81.0,20.45078582,15.40312102,5.988992796000002,92.68373702,chickpea
58.0,70.0,84.0,20.6543203,16.60820843,6.231049027999999,74.6631118,chickpea
59.0,70.0,84.0,17.3348681,18.74926979,7.550808267000001,82.61734721,chickpea
42.0,62.0,75.0,18.17912258,18.90426935,7.010570541,81.84997529,chickpea
28.0,74.0,81.0,18.01272266,18.30968112,8.753795334,81.98568791,chickpea
58.0,66.0,79.0,20.99373558,19.33470387,8.718192847000001,93.55280105,chickpea
43.0,66.0,79.0,19.46233971,15.22538951,7.976607593,74.58565097,chickpea
58.0,63.0,81.0,19.81344531,14.69765308,6.515499548999999,78.96514709,chickpea
23.0,62.0,85.0,18.97424756,19.5161216,8.490127142,80.7108745,chickpea
27.0,62.0,77.0,18.19737048,14.71070537,6.576415562,70.18185181,chickpea
28.0,72.0,84.0,18.72963144,19.18197264,6.481783042999999,71.58010169,chickpea
50.0,56.0,76.0,20.99502153,19.8601304,7.966605025,73.50734019,chickpea
39.0,71.0,84.0,20.28155898,16.39535215,8.140825437,82.52339655,chickpea
25.0,78.0,76.0,17.48042641,15.7559405,7.228963452,66.96980581,chickpea
31.0,70.0,77.0,20.88818675,14.32313811,6.492546046,90.46228334,chickpea
26.0,80.0,83.0,17.08498521,16.14565756,7.528599957000001,71.31007253,chickpea
25.0,68.0,77.0,20.09340593,15.11279612,7.701446446,85.74904898,chickpea
31.0,78.0,76.0,17.57212145,14.99927489,8.519975748,89.31050665,chickpea
60.0,68.0,83.0,19.12065218,18.43475844,6.620900869,85.52950164,chickpea
59.0,62.0,83.0,18.57665902,19.22008229,8.104396057999999,72.94940441,chickpea
22.0,67.0,78.0,17.16606398,14.42457525,6.204090835,72.32667516,chickpea
36.0,65.0,80.0,18.2872007,16.67921616,6.051091339,74.87445574,chickpea
59.0,60.0,84.0,19.03025305,18.66725565,7.690962337999999,94.70992037,chickpea
54.0,77.0,85.0,17.141861399999996,17.0662427,7.8292111439999985,83.74606679,chickpea
43.0,68.0,81.0,17.47809436,17.93253975,6.761599706,78.92060234,chickpea
28.0,76.0,82.0,20.56601874,14.25803981,6.654425315,83.75937135,chickpea
42.0,79.0,85.0,17.22385224,15.82069268,6.129533877,76.57580954,chickpea
32.0,60.0,83.0,19.69141713,19.44225438,8.829273328,91.76071648,chickpea
22.0,78.0,76.0,17.84851658,19.09172907,8.621662982,76.32470713,chickpea
31.0,79.0,75.0,18.8202251,16.1074793,8.204862075,89.73119396,chickpea
28.0,58.0,81.0,17.47500984,16.54314829,6.18042747,93.35034262,chickpea
57.0,58.0,77.0,18.72649425,17.58406365,7.978996755,81.20176515,chickpea
49.0,55.0,78.0,18.65580107,16.17772668,7.863113671,81.70769297,chickpea
46.0,76.0,77.0,18.2356751,19.68538502,6.967843048,83.74879344,chickpea
54.0,61.0,77.0,18.81198127,15.21618225,6.206582192999999,77.54294240000002,chickpea
38.0,60.0,76.0,18.65054116,17.80852431,8.868741443,77.92798682,chickpea
59.0,55.0,79.0,20.36720401,16.89574311,8.766128654,82.2545577,chickpea
36.0,76.0,75.0,18.38120357,16.63805158,8.736337905,70.52056697,chickpea
57.0,68.0,81.0,17.17012591,17.30457712,8.081095263,72.78624223,chickpea
35.0,66.0,81.0,19.37101121,15.77458129,6.138243973,85.24819851,chickpea
35.0,64.0,78.0,17.92845928,14.27327988,7.496645259,85.37378769,chickpea
52.0,60.0,79.0,19.45339934,18.23490739,8.380185271,75.6317566,chickpea
27.0,76.0,83.0,19.12829388,14.92241479,6.289614016,89.61857826,chickpea
57.0,60.0,84.0,19.1034283,17.26184541,6.586777189,75.49101167,chickpea
52.0,68.0,78.0,17.48504075,16.96070581,6.89655198,86.05078037,chickpea
43.0,79.0,79.0,19.40751744,18.98030507,7.8067476560000015,80.25064637,chickpea
44.0,74.0,85.0,20.18649426,19.63719995,7.150681303,78.26039559,chickpea
24.0,55.0,78.0,17.30287885,15.15405941,6.64919573,75.57790384,chickpea
29.0,77.0,75.0,17.50361137,15.48083156,7.778591617999999,72.9446671,chickpea
20.0,60.0,78.0,18.17234999,14.70085967,6.358740355,90.7760707,chickpea
56.0,67.0,78.0,17.57445618,16.71826572,8.255450758,77.81891424,chickpea
37.0,66.0,85.0,20.93175255,18.91295403,6.456148474,78.06910795,chickpea
49.0,71.0,76.0,19.71098332,17.63879418,6.613072145,85.57925437,chickpea
59.0,69.0,80.0,19.07937684,17.86754927,8.165359297,69.40619137,chickpea
20.0,79.0,77.0,18.54988627,16.02542689,7.64867466,76.32565249,chickpea
24.0,56.0,85.0,18.19903647,17.41333199,6.545888558,80.6405403,chickpea
51.0,72.0,75.0,18.88852533,14.99451145,7.1042247970000005,80.11133840000002,chickpea
57.0,73.0,85.0,18.49311205,14.72115044,7.358099622,91.94595352,chickpea
22.0,64.0,82.0,19.48974337,17.17260319,6.4740245000000005,87.51312796,chickpea
52.0,73.0,79.0,17.25769499,18.74943955,7.840339388999999,94.00287214,chickpea
29.0,75.0,75.0,19.62416326,18.71483156,7.064790365,88.4585692,chickpea
44.0,59.0,78.0,20.67526473,19.85388984,7.599033472,84.78344008,chickpea
41.0,69.0,82.0,20.02381489,16.63294455,6.715587232000001,68.97806542,chickpea
52.0,56.0,85.0,20.118744600000007,14.44228303,6.81712422,88.68168643,chickpea
34.0,76.0,80.0,20.65691793,15.84572566,7.985417393,65.23811143,chickpea
42.0,74.0,83.0,19.2582557,14.2804191,7.545258424,65.78042032,chickpea
34.0,71.0,79.0,17.927806,15.85622899,7.728998197,74.63872762,chickpea
27.0,73.0,79.0,19.16288268,15.83500655,7.354973451,82.69766829,chickpea
30.0,70.0,79.0,20.26942271,19.96978871,7.313122235,69.64449182,chickpea
57.0,57.0,75.0,17.09104223,18.25142068,7.785039076,87.27444866,chickpea
27.0,79.0,82.0,17.06579293,17.54024066,6.307004922999999,70.87150577,chickpea
32.0,71.0,85.0,20.62767492,14.44008871,6.4039823160000005,92.06630306,chickpea
31.0,76.0,82.0,20.8248451,17.85057083,7.599279991,79.20509212,chickpea
33.0,75.0,84.0,19.46210401,18.72831993,7.217018459,68.81405149,chickpea
47.0,80.0,77.0,17.18248372,16.42891834,7.561108006,72.85017344,chickpea
54.0,62.0,80.0,17.48911699,16.39055394,7.489545074,79.45758333,chickpea
47.0,79.0,78.0,17.48395377,14.76014523,6.609696734,65.11365631,chickpea
35.0,57.0,83.0,19.48316794,17.44534641,7.476800943,80.4986291,chickpea
53.0,73.0,77.0,19.71359733,18.09665739,7.325451279,73.64476535,chickpea
45.0,61.0,78.0,19.48649305,16.06240074,6.489389282,81.52842690000001,chickpea
37.0,78.0,79.0,19.95264829,14.82633099,7.786366322,88.6810311,chickpea
30.0,75.0,81.0,19.41789736,16.80472243,6.4084378860000015,68.4951189,chickpea
37.0,55.0,82.0,19.45591848,18.02235902,8.423873703,78.44910564,chickpea
53.0,65.0,76.0,20.19137759,16.41998269,8.719960893,77.33795356,chickpea
22.0,60.0,85.0,18.8392908,14.74071856,7.811997977000001,94.78189594,chickpea
60.0,61.0,78.0,20.71219282,19.83643308,6.317153205,94.03659867,chickpea
42.0,67.0,77.0,18.99424448,15.9362937,7.114405288,78.69707199,chickpea
39.0,76.0,76.0,19.96837462,15.57324389,8.135900726000001,69.15759062,chickpea
35.0,63.0,76.0,17.81564548,17.60756635,7.714153037999999,90.82097601,chickpea
30.0,65.0,82.0,20.71424384,15.27824066,7.103798069,76.77888672,chickpea
57.0,56.0,78.0,17.34150229,18.75626255,8.861479668,67.9545435,chickpea
48.0,65.0,78.0,17.43732714,14.33847406,7.861128148,73.0926704,chickpea
36.0,56.0,83.0,18.89780215,19.76182946,7.4526709,69.09512477,chickpea
40.0,58.0,75.0,18.59190771,14.77959596,7.168096055,89.60982451,chickpea
49.0,69.0,82.0,18.31561493,15.36143547,7.26311855,81.78710463,chickpea
13.0,60.0,25.0,17.13692774,20.59541693,5.68597166,128.256862,kidneybeans
25.0,70.0,16.0,19.63474332,18.90705639,5.759237003,106.3598183,kidneybeans
31.0,55.0,22.0,22.91350245,21.33953114,5.873171894,109.225556,kidneybeans
40.0,64.0,16.0,16.43340342,24.24045875,5.926676985,140.3717815,kidneybeans
2.0,61.0,20.0,22.13974653,23.02251117,5.95561668,76.64128258,kidneybeans
26.0,65.0,22.0,17.84806561,18.77621951,5.9499490810000015,143.09841709999995,kidneybeans
17.0,57.0,21.0,19.88394011,20.31564139,5.789214288999999,60.91974792,kidneybeans
26.0,80.0,18.0,19.32509638,23.3334788,5.581021521,104.7783947,kidneybeans
17.0,59.0,17.0,18.416700100000003,23.42829938,5.689858133,132.9801054,kidneybeans
27.0,59.0,22.0,21.81167649,23.20591245,5.794158503999999,130.0608093,kidneybeans
28.0,58.0,24.0,19.72702528,18.28173015,5.748190462999999,143.7630894,kidneybeans
25.0,57.0,19.0,17.15432954,19.87070659,5.566522896,87.99669731,kidneybeans
28.0,80.0,17.0,19.62207826,18.67170854,5.809419584,144.1567454,kidneybeans
25.0,60.0,22.0,21.63149148,21.17919701,5.887263027,134.3649948,kidneybeans
12.0,78.0,23.0,16.06522754,18.72479695,5.99812453,88.06638775,kidneybeans
6.0,77.0,25.0,20.61162204,24.36314135,5.792744849,69.63833855,kidneybeans
22.0,79.0,17.0,21.42451099,20.39659714,5.912289889,116.5206923,kidneybeans
27.0,80.0,15.0,19.07096165,21.21092266,5.7883869510000014,86.21917578,kidneybeans
10.0,55.0,23.0,21.18853178,19.63438599,5.728233081,137.1948633,kidneybeans
23.0,65.0,20.0,23.0429097,22.42610972,5.833940084,108.3684316,kidneybeans
19.0,78.0,16.0,20.65375833,23.10538637,5.967533236,67.71768947,kidneybeans
19.0,65.0,25.0,18.09551014,18.29318436,5.6250964460000015,144.7902323,kidneybeans
22.0,70.0,19.0,18.23775702,21.07643273,5.515615023,69.44951585,kidneybeans
37.0,64.0,22.0,17.48189735,18.8251973,5.954665349,121.9401369,kidneybeans
11.0,71.0,17.0,19.9191786,21.47324158,5.74644777,82.68554379,kidneybeans
18.0,79.0,20.0,20.27514686,23.2353604,5.877347515,139.7521543,kidneybeans
21.0,63.0,17.0,15.77370214,19.2303162,5.979973965,108.3441414,kidneybeans
24.0,80.0,22.0,16.71170642,19.17651433,5.635993966,96.77285817,kidneybeans
34.0,60.0,22.0,17.66148158,18.15302753,5.635231778,100.6711761,kidneybeans
16.0,75.0,21.0,18.50692825,23.61670065,5.679224346,87.05132890000002,kidneybeans
17.0,77.0,23.0,24.51324787,20.81527638,5.670062975,64.19497947,kidneybeans
37.0,72.0,18.0,18.87614998,24.54038287,5.724242065,105.4120514,kidneybeans
40.0,73.0,20.0,21.59343016,20.31871249,5.811314232000001,61.13872036,kidneybeans
9.0,77.0,17.0,20.12373284,24.45202552,5.783425416,106.158201,kidneybeans
1.0,62.0,23.0,15.43546065,18.37477907,5.607808432000001,139.0302034,kidneybeans
33.0,59.0,22.0,22.64236876,21.59396123,5.946999529,122.3886015,kidneybeans
23.0,59.0,19.0,21.98560799,24.87304788,5.852046999,129.5650601,kidneybeans
6.0,62.0,22.0,20.53052663,18.09224048,5.824090984,120.4509288,kidneybeans
25.0,63.0,20.0,15.78601387,21.14544088,5.502999119,95.17028129,kidneybeans
7.0,79.0,23.0,19.6365349,19.68751084,5.821649914,96.65888933,kidneybeans
8.0,72.0,17.0,20.57341244,19.7520218,5.711439256,87.87869161,kidneybeans
27.0,64.0,15.0,20.16080524,24.84207559,5.514927264,138.2362122,kidneybeans
28.0,66.0,23.0,21.53989176,24.25386207,5.99616119,120.6913038,kidneybeans
32.0,57.0,18.0,15.53834801,23.75560241,5.695422862999999,107.3850593,kidneybeans
27.0,56.0,22.0,19.91853092,20.70099804,5.833010957999999,108.6434544,kidneybeans
17.0,77.0,24.0,20.76952209,18.93146941,5.568456899,109.0193712,kidneybeans
0.0,65.0,15.0,23.46168338,23.22197648,5.645435626,95.84253438,kidneybeans
13.0,72.0,21.0,24.32116642,21.0278674,5.821194486,60.27552528,kidneybeans
34.0,60.0,23.0,20.12574053,24.96969858,5.659254981,100.0497183,kidneybeans
9.0,80.0,19.0,21.80619564,18.57086554,5.945465949,125.0972687,kidneybeans
11.0,72.0,20.0,19.52226241,24.92607153,5.9511774520000005,113.334026,kidneybeans
3.0,67.0,24.0,17.00067625,19.90790546,5.520880013999999,103.2926407,kidneybeans
35.0,69.0,23.0,16.78791503,24.96881755,5.578410206,75.45328039,kidneybeans
3.0,77.0,25.0,24.84906168,22.89464642,5.608165195,62.21292186,kidneybeans
23.0,62.0,19.0,16.51783455,20.4555596,5.609435127999999,98.77794225,kidneybeans
22.0,71.0,17.0,18.15300153,19.38602098,5.509295379,107.6907964,kidneybeans
31.0,79.0,25.0,23.18864385,22.3104551,5.902033406,63.38208822,kidneybeans
34.0,59.0,18.0,23.38002569,21.98879437,5.744117663,87.66898664,kidneybeans
12.0,63.0,17.0,18.358923,19.37703396,5.717143397,138.414764,kidneybeans
27.0,56.0,20.0,19.25975367,20.51346956,5.542690119,94.9533526,kidneybeans
7.0,63.0,24.0,22.95458237,24.03553105,5.858617867,107.7315386,kidneybeans
24.0,67.0,22.0,20.120043,22.89845607,5.618844277000001,104.6252153,kidneybeans
11.0,71.0,24.0,21.14011423,22.7182355,5.6066203460000015,141.6056722,kidneybeans
37.0,74.0,15.0,24.92360104,18.22590825,5.582178402,62.7089169,kidneybeans
25.0,76.0,24.0,15.33042636,24.91506728,5.56503533,135.3315583,kidneybeans
34.0,66.0,17.0,18.81097271,21.27833035,5.889614577000001,125.084915,kidneybeans
20.0,69.0,15.0,23.44260668,22.77255917,5.934136378,107.4137246,kidneybeans
37.0,65.0,16.0,22.8352024,18.97267518,5.683548308,63.59276673,kidneybeans
18.0,74.0,15.0,24.9035819,22.27512704,5.70836603,146.4727237,kidneybeans
4.0,67.0,25.0,23.78709569,24.35679348,5.948164454,119.6404412,kidneybeans
37.0,56.0,25.0,22.05592283,19.60379304,5.774755143999999,126.7265372,kidneybeans
5.0,59.0,15.0,18.87492997,20.18238348,5.97229163,134.1811718,kidneybeans
11.0,61.0,21.0,18.62328774,23.02410338,5.532100554,135.33780330000002,kidneybeans
22.0,80.0,20.0,23.00884744,18.86880997,5.669560726,100.118612,kidneybeans
12.0,61.0,19.0,19.33162606,24.13995025,5.655726817000001,68.51253427,kidneybeans
5.0,74.0,21.0,16.24469193,21.35793891,5.591704013999999,66.97053257,kidneybeans
27.0,69.0,22.0,17.91652287,24.90814655,5.932323085,69.14681022,kidneybeans
31.0,75.0,18.0,15.46789263,21.43780702,5.824208308999999,88.88796102,kidneybeans
36.0,68.0,20.0,17.06104474,23.77201471,5.86442953,81.83420522,kidneybeans
5.0,65.0,16.0,21.32776028,18.48522915,5.866744372,109.1013261,kidneybeans
32.0,79.0,15.0,23.90910104,20.74619325,5.706198621,81.60211243,kidneybeans
11.0,78.0,22.0,23.89756791,22.74378977,5.940546818,112.6616435,kidneybeans
0.0,55.0,22.0,22.98666928,20.57940608,5.916779289,143.85849380000005,kidneybeans
14.0,59.0,15.0,21.35135729,22.91244883,5.779090476,146.4548645,kidneybeans
29.0,68.0,23.0,24.1638445,19.27907819,5.82738029,116.7324324,kidneybeans
32.0,68.0,19.0,24.62835037,18.18325169,5.514234138,149.7441028,kidneybeans
17.0,64.0,17.0,21.02213209,24.93896255,5.662699104,124.6118471,kidneybeans
13.0,69.0,19.0,17.30844532,20.01730914,5.86390397,115.199245,kidneybeans
14.0,67.0,22.0,23.82576704,24.75485098,5.624690247999999,84.64143632,kidneybeans
9.0,69.0,20.0,19.30607278,23.96362799,5.591560999,129.3449326,kidneybeans
20.0,73.0,22.0,16.03768615,22.33195853,5.976312537999999,130.3900798,kidneybeans
40.0,78.0,20.0,19.18572809,20.83398341,5.669236258,80.15293435,kidneybeans
27.0,72.0,23.0,19.92889503,21.79992115,5.961934481,64.02640797,kidneybeans
14.0,67.0,15.0,19.56376468,24.67385131,5.690065688,139.2921004,kidneybeans
7.0,56.0,18.0,18.31357543,24.32991649,5.698371311,76.14153904,kidneybeans
27.0,65.0,18.0,20.10993761,23.22323766,5.59503163,73.36386477,kidneybeans
30.0,63.0,16.0,23.60506572,21.90539577,5.5259045260000015,100.5978728,kidneybeans
37.0,70.0,25.0,19.73136909,24.89487354,5.819403771,84.06354115,kidneybeans
27.0,63.0,19.0,20.93409877,21.1893007,5.562201934,133.1914419,kidneybeans
22.0,60.0,24.0,18.78226261,20.24768314,5.630664753,104.2570723,kidneybeans
3.0,72.0,24.0,36.51268371,57.92887167,6.03160778,122.6539694,pigeonpeas
40.0,59.0,23.0,36.89163721,62.73178224,5.269084669,163.7266551,pigeonpeas
33.0,73.0,23.0,29.23540524,59.38967583,5.985792703,103.3301803,pigeonpeas
27.0,57.0,24.0,27.33534897,43.35795962,6.09186275,142.33036769999995,pigeonpeas
10.0,79.0,18.0,21.0643684,55.46985938,5.624731337999999,184.6226709,pigeonpeas
30.0,75.0,25.0,30.33276599,42.35249879,6.446091759,149.299952,pigeonpeas
40.0,70.0,20.0,31.80130272,45.03186173,5.623490042999999,147.03614419999997,pigeonpeas
38.0,55.0,19.0,33.18184225,38.23184742,5.864623352000001,198.8298806,pigeonpeas
35.0,58.0,20.0,29.38538562,63.47742011,5.761702519,90.05422663,pigeonpeas
38.0,61.0,21.0,30.27374995,67.38680755,4.696518678,127.7767134,pigeonpeas
33.0,58.0,24.0,35.45790488,68.75810535,5.269504214,108.6333046,pigeonpeas
16.0,56.0,17.0,33.80020039,40.03262418,7.445444882999999,176.6165894,pigeonpeas
31.0,72.0,17.0,28.69180475,49.47225353,5.833031707999999,96.36222901,pigeonpeas
16.0,80.0,20.0,31.24021696,56.67369054,7.3393209289999986,122.0146733,pigeonpeas
27.0,72.0,17.0,28.98039357,57.23265151,6.347929353,120.7435664,pigeonpeas
40.0,62.0,19.0,27.32198928,34.13737127,4.697750704,96.51524028,pigeonpeas
18.0,58.0,16.0,21.47607807,38.80023714,4.962661422,180.382234,pigeonpeas
3.0,68.0,16.0,18.31910448,34.69776639,4.964887857,107.4721605,pigeonpeas
26.0,67.0,24.0,36.97794384,37.73992903,5.642813116,161.48129630000005,pigeonpeas
16.0,70.0,20.0,24.80467592,40.1242747,5.6093956,121.5639121,pigeonpeas
24.0,63.0,19.0,19.3479443,55.96805489,4.681576043,194.5921148,pigeonpeas
9.0,76.0,25.0,28.88302142,50.12323801,5.70951224,179.2155874,pigeonpeas
16.0,55.0,19.0,19.54314136,47.19188279,6.413543781,192.4372194,pigeonpeas
28.0,75.0,21.0,24.7741949,50.54621094,6.007508163,114.2821387,pigeonpeas
16.0,71.0,24.0,18.33124824,38.40975482,4.946369874,139.64833169999997,pigeonpeas
24.0,70.0,21.0,19.14729038,45.3733757,5.517208078,132.7748215,pigeonpeas
38.0,72.0,21.0,28.23416057,49.4421345,5.902103172,186.5008581,pigeonpeas
9.0,66.0,21.0,30.11812084,34.13307843,5.719889876,157.0858232,pigeonpeas
34.0,56.0,17.0,33.4126864,35.42910045,4.548202098,139.6702541,pigeonpeas
1.0,76.0,19.0,24.18553163,46.68746847,6.6695294160000005,177.3377996,pigeonpeas
6.0,69.0,19.0,26.88630675,41.69617915,4.7509292180000005,94.46748008,pigeonpeas
26.0,73.0,21.0,31.33170829,57.97429171,4.946263888,161.7820226,pigeonpeas
27.0,61.0,18.0,33.30711818,67.07780816,5.266227032,108.5090168,pigeonpeas
27.0,71.0,23.0,23.45379018,46.48714759,7.10959773,150.87122019999995,pigeonpeas
36.0,61.0,21.0,34.53823889,39.04468913,5.617008201,168.5948318,pigeonpeas
17.0,73.0,18.0,19.50112224,34.51086611,5.632353113,197.3752649,pigeonpeas
26.0,72.0,22.0,28.76794904,37.57792132,4.674941549,91.72084869,pigeonpeas
17.0,64.0,16.0,30.97758716,32.24914235,7.161797643,180.716828,pigeonpeas
14.0,74.0,19.0,18.39759147,36.82639309,6.624966131,93.12330644,pigeonpeas
39.0,60.0,15.0,35.09357419,30.98685456,5.004074623999999,116.9106908,pigeonpeas
6.0,66.0,15.0,34.93174223,30.40046769,6.3458060110000005,159.2649827,pigeonpeas
8.0,59.0,18.0,29.50523036,35.72032498,6.216814453,187.8961851,pigeonpeas
2.0,67.0,18.0,34.51934775,47.52980027,5.921666758,129.0064612,pigeonpeas
1.0,76.0,17.0,28.43430726,52.10010827,6.012719118,147.0414824,pigeonpeas
16.0,73.0,19.0,18.41645629,34.80541039,4.684079249,163.27474730000003,pigeonpeas
23.0,75.0,25.0,31.07508973,47.19847683,7.077170002000001,91.31256412,pigeonpeas
32.0,70.0,20.0,20.89342749,46.24856523,6.208843215,195.5697875,pigeonpeas
28.0,59.0,22.0,30.90607799,52.79913039,7.05181629,170.99198280000005,pigeonpeas
5.0,62.0,23.0,27.9348279,66.45457122,4.722222454,145.3728801,pigeonpeas
36.0,67.0,25.0,35.95176642,36.52780776,6.418062652000001,136.0456753,pigeonpeas
1.0,66.0,23.0,19.54317155,56.92831399,4.803564468,173.1686574,pigeonpeas
24.0,73.0,20.0,19.63736208,32.31528909,4.608695247,176.4134092,pigeonpeas
17.0,67.0,18.0,31.2192752,56.46868874,5.611510977000001,129.20286529999998,pigeonpeas
5.0,55.0,18.0,33.50876355,45.70976142,7.322097972000001,126.6738117,pigeonpeas
5.0,56.0,24.0,24.80710166,45.01110015,5.023115055,188.4928637,pigeonpeas
37.0,77.0,17.0,36.20970524,31.94550613,5.617122801,191.0658531,pigeonpeas
13.0,73.0,20.0,30.50420876,35.48885969,5.391560417999999,162.59277230000004,pigeonpeas
6.0,63.0,23.0,26.01630259,49.94704718,5.906596905,160.33374469999995,pigeonpeas
16.0,77.0,22.0,31.48469278,35.6395615,6.574209678,100.546816,pigeonpeas
25.0,64.0,20.0,33.15122581,32.45974539,4.807776748999999,105.03802749999998,pigeonpeas
34.0,75.0,24.0,23.50222822,51.29019509,4.760038038999999,192.3023991,pigeonpeas
20.0,77.0,23.0,34.87248659,38.83786012,5.180271502,148.25027859999997,pigeonpeas
35.0,80.0,25.0,28.09269012,44.93322042,4.895927306,197.1144011,pigeonpeas
14.0,75.0,24.0,24.54757829,57.3414485,6.436160044,118.3606557,pigeonpeas
36.0,80.0,21.0,33.64769646,48.41490082,7.066087261,100.4673278,pigeonpeas
7.0,77.0,18.0,20.5591255,60.54880693,6.655918077999999,191.0895109,pigeonpeas
29.0,78.0,25.0,19.95991719,59.33157782,5.982854522999999,195.787103,pigeonpeas
30.0,60.0,21.0,28.87667593,62.4901206,5.457871272999999,182.2688175,pigeonpeas
20.0,74.0,16.0,36.04353699,43.61444121,4.759490199,159.8938645,pigeonpeas
19.0,57.0,23.0,23.6734328,47.2879691,7.342409555,141.12507219999995,pigeonpeas
3.0,60.0,19.0,25.74679443,40.7192594,4.820788186000001,100.7791633,pigeonpeas
5.0,77.0,19.0,31.08564994,66.68832981,6.242052013,175.9303271,pigeonpeas
5.0,68.0,20.0,18.72987676,61.33186249,5.001038726,139.8710041,pigeonpeas
37.0,73.0,21.0,29.50304807,63.46513414,5.560224582999999,189.5208915,pigeonpeas
9.0,59.0,24.0,20.43517772,39.37252634,4.747352458,137.22796619999997,pigeonpeas
20.0,72.0,15.0,36.00415838,56.01334416,7.313517308,134.8596466,pigeonpeas
31.0,56.0,23.0,31.46846241,35.39454002,5.661826398,174.5723999,pigeonpeas
0.0,70.0,21.0,36.30049702,56.03021253,4.672437054,101.6073988,pigeonpeas
21.0,74.0,15.0,29.49096726,67.10604388,6.471862118,153.2504506,pigeonpeas
13.0,67.0,18.0,30.5753044,34.75591197,5.384762927000001,177.5764304,pigeonpeas
27.0,74.0,20.0,24.69487673,59.96669215,5.8598134160000015,91.95792434,pigeonpeas
29.0,72.0,24.0,23.17409556,36.67847052,6.962386495,162.5931264,pigeonpeas
5.0,68.0,20.0,19.04380471,33.10695144,6.12166671,155.3705624,pigeonpeas
39.0,57.0,19.0,29.32379604,45.93248374,6.421748487,165.4113371,pigeonpeas
22.0,62.0,16.0,34.6455408,54.32342534,4.828936119,180.9009998,pigeonpeas
18.0,55.0,23.0,21.9989826,56.31006755,6.98571967,136.82743119999998,pigeonpeas
39.0,77.0,21.0,22.99774444,60.24218572,4.603563116,159.689339,pigeonpeas
13.0,75.0,20.0,30.55992394,35.29006485,6.979540061,178.8998611,pigeonpeas
27.0,71.0,24.0,31.46417866,48.17631461,7.064973419,165.40535400000005,pigeonpeas
26.0,64.0,22.0,25.95058595,40.58227261,5.16516459,109.1821183,pigeonpeas
23.0,55.0,16.0,21.01142393,69.69141302,5.111488821,185.2039114,pigeonpeas
4.0,69.0,19.0,19.25100056,47.70351758,5.374358869,149.063196,pigeonpeas
20.0,67.0,19.0,19.24462755,50.54495302,5.671419084,180.6465282,pigeonpeas
7.0,74.0,17.0,22.47253208,62.56532471,5.667419697000001,96.74706956,pigeonpeas
17.0,64.0,18.0,36.75087487,58.25799145,6.07938452,124.6028153,pigeonpeas
35.0,71.0,17.0,29.89286629,66.35375127,6.931924962999999,198.1403003,pigeonpeas
11.0,72.0,22.0,29.37735586,44.82294584,6.842744374,172.40168,pigeonpeas
20.0,60.0,22.0,29.65052947,42.89833235,6.876572502999999,186.9226052,pigeonpeas
10.0,71.0,18.0,19.54284889,66.34777265,6.151029296,173.11069819999997,pigeonpeas
33.0,61.0,24.0,20.04611791,48.93905624,4.567446499,122.4564203,pigeonpeas
3.0,49.0,18.0,27.91095209,64.70930606,3.692863601,32.67891866,mothbeans
22.0,59.0,23.0,27.32220619,51.27868781,4.371745575,36.5037914,mothbeans
36.0,58.0,25.0,28.66024187,59.3189118,8.399135957999999,36.92629678,mothbeans
4.0,43.0,18.0,29.02955344,61.09387478,8.840656256,72.98016599,mothbeans
29.0,54.0,16.0,27.78031515,54.65030015,8.153022903,32.05025323,mothbeans
32.0,43.0,22.0,31.99928579,54.1077461,5.270749441,71.6266696,mothbeans
14.0,55.0,15.0,27.33580911,55.27755933,8.050304395,73.44775287,mothbeans
5.0,35.0,20.0,28.92952635,53.57014709,9.679240873,66.35634104,mothbeans
25.0,57.0,24.0,27.65472156,58.59986279,6.974978386,36.94255012,mothbeans
11.0,53.0,24.0,28.52396666,55.77264351,7.39389918,61.32935611,mothbeans
40.0,49.0,17.0,31.02215872,45.89239456,6.68727523,53.56783314,mothbeans
38.0,56.0,25.0,25.74095321,45.38497051,7.88118645,67.43488235,mothbeans
27.0,43.0,23.0,31.70447482,56.85420099,5.875333778,44.94317432,mothbeans
24.0,38.0,22.0,24.47876451,58.51663927,8.202706015,34.96933295,mothbeans
23.0,45.0,21.0,31.46511256,51.79939437,8.985348193,74.44330654,mothbeans
29.0,57.0,20.0,25.60973447,50.7330069,5.87707519,53.39249517,mothbeans
31.0,35.0,23.0,30.30260453,47.18283631,7.707595055,68.04039813,mothbeans
0.0,55.0,25.0,28.17489437,43.6672299,4.524171562,45.78172762,mothbeans
7.0,45.0,22.0,25.50634557,44.8302551,9.926212291,74.32635105,mothbeans
17.0,58.0,25.0,31.12896766,43.58788762,6.455592696,32.76742894,mothbeans
11.0,44.0,17.0,26.34043268,55.59160391,8.016210782,35.1051197,mothbeans
22.0,49.0,22.0,28.23494706,61.5620517,3.71105919,72.66666443,mothbeans
9.0,51.0,19.0,27.04453473,49.32609633,5.49091063,48.25207759,mothbeans
28.0,48.0,15.0,25.16125354,55.25435777,9.254089438,40.89732789,mothbeans
26.0,50.0,19.0,27.3179125,51.66921088,6.005242945,32.55919573,mothbeans
36.0,56.0,20.0,25.4123765,49.66474269,7.437078236,31.87416982,mothbeans
8.0,60.0,18.0,31.21629982,46.01868196,3.808429173,53.1205277,mothbeans
24.0,37.0,21.0,30.573999,58.22686794,5.818219385,62.74803826,mothbeans
22.0,43.0,24.0,25.42517036,53.22082660000001,4.52363558,46.19374559,mothbeans
36.0,43.0,24.0,27.09400578,43.65305437,3.510404312,41.53749535,mothbeans
22.0,44.0,24.0,24.30935081,56.32938343,6.030447288,58.99536268,mothbeans
17.0,43.0,22.0,30.06142622,45.90067655,5.498340807999999,41.0550915,mothbeans
8.0,45.0,15.0,28.09568993,60.98353839999999,4.61136408,33.84110759,mothbeans
7.0,56.0,23.0,26.33908791,40.00933429,5.545219232000001,55.50429227,mothbeans
36.0,57.0,16.0,28.61409059,57.14218792,8.292875733999999,57.02891698,mothbeans
11.0,45.0,19.0,28.70012137,44.359648,3.828031463,44.11622138,mothbeans
6.0,36.0,22.0,24.21610338,59.79236306,8.869532817,42.24783476,mothbeans
17.0,57.0,20.0,28.50677929,45.20094476,3.793575185,66.1761456,mothbeans
4.0,47.0,20.0,25.97948991,64.95585424,4.193189124,72.19245835,mothbeans
9.0,49.0,16.0,30.88482722,41.36561835,7.661537347999999,55.053805,mothbeans
25.0,51.0,24.0,25.5042419,61.66852372,9.392694614,65.07981523,mothbeans
36.0,44.0,21.0,25.12528913,51.33189406,4.516154055,38.48678973,mothbeans
21.0,38.0,20.0,27.10508014,63.56791363,5.794289715,62.20279647,mothbeans
37.0,57.0,20.0,31.1006247,44.82069159,7.354286985,70.79934452,mothbeans
32.0,48.0,18.0,26.45707778,56.40226277,5.993513566,64.16167699,mothbeans
29.0,44.0,20.0,30.04132304,63.56222995,8.620107545,31.83192392,mothbeans
25.0,51.0,18.0,27.77799528,54.82130787,9.45949344,50.28438729,mothbeans
10.0,44.0,24.0,30.99256944,43.02151392,8.0344125,58.27600682,mothbeans
23.0,35.0,18.0,26.4908332,47.36534833,5.414492777,36.99362831,mothbeans
9.0,60.0,23.0,31.96987867,57.17377029,6.2760043360000015,64.25520357,mothbeans
3.0,58.0,21.0,25.36140526,46.82652785,9.160691747,55.60523179,mothbeans
22.0,42.0,22.0,25.54249137,56.96640758,7.887658711,48.46797044,mothbeans
12.0,39.0,21.0,28.99319096,62.85948245,8.183844843,70.4713043,mothbeans
39.0,36.0,22.0,29.34317422,60.50320928,9.072011412,34.03335472,mothbeans
32.0,41.0,16.0,28.63618921,61.39451307,7.702287236,68.54877876,mothbeans
30.0,41.0,15.0,24.83206631,44.17085032,5.88509677,52.0810886,mothbeans
19.0,36.0,22.0,25.44689075,58.55363573,6.16496284,57.04826619,mothbeans
4.0,46.0,15.0,31.01274943,62.40392519,3.504752314,63.77192383,mothbeans
21.0,39.0,20.0,27.06179658,52.3003173,7.388007482999999,60.74583498,mothbeans
35.0,57.0,25.0,27.0956288,42.26206161,8.340398059,71.12710390000002,mothbeans
22.0,55.0,24.0,28.56800579,57.30636014,8.66077954,64.53027638,mothbeans
35.0,51.0,17.0,28.79929247,49.84213387,3.558822825,40.85534718,mothbeans
17.0,56.0,17.0,27.94293692,45.41393636,5.9565851,69.66289997,mothbeans
28.0,57.0,17.0,30.47757686,61.58245338,9.416003106,61.86633917,mothbeans
22.0,36.0,16.0,30.58139475,50.77148138,8.18422855,64.58559639,mothbeans
11.0,41.0,19.0,26.85911286,41.81420849,5.131779302,44.13827124,mothbeans
38.0,38.0,18.0,26.31051759,61.18749126,6.294130312999999,35.73403813,mothbeans
23.0,37.0,24.0,28.77833449,44.2252605,7.991902443,33.95825723,mothbeans
25.0,35.0,20.0,28.90245417,43.35365671,8.923095695,71.90018566,mothbeans
40.0,45.0,20.0,29.37687468,57.69622912,6.878498176,38.34303462,mothbeans
23.0,58.0,19.0,24.17093241,58.25204566,5.243634848999999,59.18953429,mothbeans
2.0,56.0,23.0,26.65333029,59.79023382,7.550090941,36.91852635,mothbeans
3.0,56.0,17.0,28.19912143,53.50567601,8.709291687999999,52.13580529,mothbeans
26.0,51.0,25.0,28.76488954,52.62741529,7.792508067999999,55.21606732,mothbeans
39.0,42.0,20.0,29.3499706,61.25353851,8.055908857999999,40.82840673,mothbeans
27.0,59.0,20.0,28.00937423,52.60950014,4.397698806,36.01203025,mothbeans
24.0,45.0,19.0,26.85851927,48.8246387,5.9523849570000005,34.7426459,mothbeans
7.0,40.0,17.0,31.2123945,40.92604945,8.532078732999999,53.78769958,mothbeans
15.0,45.0,23.0,24.20422636,61.43378674,7.224193642,46.0203959,mothbeans
26.0,52.0,23.0,29.98835437,49.60384796,4.931890506,52.92929636,mothbeans
20.0,45.0,16.0,29.93964907,54.61813464,4.626212446,45.43669946,mothbeans
34.0,54.0,24.0,31.2119298,41.55934359,5.026003659,68.80141783,mothbeans
19.0,51.0,25.0,26.80474415,48.23991436,3.5253661,43.87801983,mothbeans
29.0,41.0,21.0,31.49398069,62.84916863,8.86979671,64.56807592,mothbeans
20.0,50.0,22.0,30.99694676,46.42693735,9.406887533,38.31597852,mothbeans
11.0,40.0,23.0,29.61253065,63.04749127,5.80428611,50.1978269,mothbeans
15.0,54.0,15.0,29.97604322,57.03184356,8.35495812,44.86052932,mothbeans
35.0,55.0,22.0,30.88883074,52.62696801,8.634929739,55.51932414,mothbeans
9.0,59.0,25.0,30.39321309,60.16299493,7.699200949,35.37493212,mothbeans
40.0,45.0,18.0,30.43683729,55.20522037,5.261285926,30.92014047,mothbeans
35.0,38.0,19.0,25.32688786,63.18180319,9.112771682,32.71129281,mothbeans
14.0,58.0,17.0,30.53684308,59.96664731,4.605700542,33.48919022,mothbeans
40.0,55.0,18.0,30.38257873,40.5926071,7.115994051,47.95406479,mothbeans
18.0,36.0,23.0,24.01825377,53.76623369,7.214078621,35.03404425,mothbeans
35.0,52.0,15.0,28.69841277,61.14754363,9.93509073,65.67591794,mothbeans
4.0,59.0,22.0,29.33743412,49.00323081,8.914074888,42.44054315,mothbeans
22.0,51.0,16.0,27.96583691,61.34900107,8.639586199,70.10472076,mothbeans
33.0,47.0,17.0,24.86803974,48.27531965,8.621514073,63.9187654,mothbeans
2.0,51.0,17.0,25.87682261,45.96341933,5.838508699,38.53254678,mothbeans
16.0,51.0,21.0,31.01963639,49.97675220000001,3.532008668,32.81296548,mothbeans
19.0,55.0,20.0,27.43329405,87.80507732,7.18530147,54.73367631,mungbean
8.0,54.0,20.0,28.3340432,80.77275974,7.034214276,38.7976407,mungbean
36.0,55.0,20.0,27.01470397,84.34262707,6.635968697999999,55.296354,mungbean
10.0,56.0,16.0,28.17432665,81.04554836,6.828187498999998,36.35720652,mungbean
22.0,56.0,17.0,29.87888063,87.32761241,6.89077995,44.75215854,mungbean
9.0,57.0,24.0,29.89232778,89.71503316,7.165121108999998,42.99498978,mungbean
34.0,59.0,23.0,28.56212158,83.24855855,6.935804256,56.48265193,mungbean
31.0,51.0,25.0,27.53592929,85.57019009999998,7.196774236,53.01899249,mungbean
0.0,49.0,18.0,29.68361658,87.93598094,6.990095452,41.82490236,mungbean
21.0,39.0,20.0,28.14448546,82.1193047,7.064782137999999,46.75690086,mungbean
28.0,35.0,22.0,29.53037621,86.73346018,7.156563094,59.87232071,mungbean
17.0,52.0,17.0,27.88352946,86.45147631,6.364967184,44.64407105,mungbean
24.0,42.0,23.0,28.22471276,82.35916228,6.428054409,44.01206619,mungbean
28.0,46.0,16.0,29.008124,84.96089355,6.664187809,45.91011391,mungbean
21.0,38.0,21.0,29.75538903,86.45193297,6.637677489,37.54602719,mungbean
34.0,60.0,25.0,29.78416743,85.16906976,6.79385576,40.77872823,mungbean
19.0,53.0,22.0,27.8640132,80.4513142,6.852884642999999,42.83053902,mungbean
31.0,58.0,15.0,27.11026483,84.96771717,7.121571293,51.52617423,mungbean
19.0,35.0,24.0,27.11030369,83.64274107,6.883308033,49.11964582,mungbean
24.0,53.0,17.0,28.95451232,89.07866095,6.421271178,57.65901369,mungbean
13.0,47.0,20.0,29.21780035,87.93724219,6.54450214,43.1386631,mungbean
31.0,53.0,16.0,28.7420098,85.81675947,6.452006451,48.54598575,mungbean
28.0,45.0,23.0,29.65021184,80.29868321,6.489259136,56.76278363,mungbean
31.0,37.0,21.0,27.23924995,86.404241,6.713410626,37.31236904,mungbean
33.0,60.0,15.0,28.95172351,81.67085323,6.510840928,56.51103293,mungbean
34.0,45.0,21.0,28.18837136,82.60629652,6.2873801170000005,37.01110438,mungbean
13.0,57.0,25.0,28.30041493,86.20681554,6.86308576,50.47333854,mungbean
33.0,57.0,17.0,27.89636126,88.71782287,6.78415271,57.79863368,mungbean
32.0,57.0,22.0,28.6899851,87.50436797,6.769415887999999,44.56598352,mungbean
23.0,59.0,25.0,27.826262300000003,88.73100226,6.320768488,56.68833819,mungbean
35.0,41.0,18.0,28.70562673,81.59200689,6.705008503999999,59.87065439,mungbean
6.0,48.0,24.0,28.6362812,84.61431076,6.790736339,48.48319335,mungbean
29.0,36.0,25.0,28.28511547,88.4393979,7.130278657000001,48.56690235,mungbean
4.0,36.0,22.0,27.60887393,86.13316408,7.012740397000001,43.80041104,mungbean
10.0,59.0,22.0,28.60901145,86.99495766,7.1556850160000005,36.94616965,mungbean
14.0,48.0,21.0,29.24598976,84.80084105,6.991242362,53.43228915,mungbean
8.0,50.0,21.0,28.62911222,89.11480590000002,6.218923893,50.49913241,mungbean
20.0,40.0,15.0,29.57329479,88.07505524,7.199495367999999,45.04467075,mungbean
36.0,43.0,22.0,27.82684262,87.16679147,6.3898821660000005,58.37249772,mungbean
14.0,57.0,15.0,29.8757015,83.14796296,6.623438282,40.12044158,mungbean
11.0,60.0,23.0,27.33684386,88.50229102,7.033012777000001,51.09802625,mungbean
10.0,59.0,15.0,29.83040388,89.30428305,6.32400451,58.86687093,mungbean
7.0,60.0,25.0,28.2753171,82.76020821,6.397636709,56.04995423,mungbean
2.0,47.0,15.0,29.86860065,85.99127934,6.401455706,58.41394143,mungbean
20.0,45.0,22.0,29.5888162,89.9939693,6.904587016,54.96121262,mungbean
2.0,39.0,15.0,28.07219563,82.9116472,6.478557136,49.61865305,mungbean
27.0,40.0,24.0,27.84026517,89.99615558,7.063022095,52.84626009,mungbean
35.0,48.0,15.0,27.10818093,87.45126690000002,6.981758362000001,55.03723979,mungbean
4.0,59.0,25.0,27.68515114,81.94268594,6.227134139,54.62243308,mungbean
1.0,48.0,24.0,29.34594634,85.60472562,6.232836962,59.03629954,mungbean
36.0,43.0,21.0,28.36319404,84.8593608,7.140437859,52.93031105,mungbean
11.0,46.0,24.0,27.65280218,89.80650642,6.459252023,56.52558045,mungbean
34.0,47.0,19.0,27.31372793,85.44815232,6.568795403999999,53.15223123,mungbean
21.0,44.0,18.0,27.06909959,86.89934108,7.12851089,50.46746116,mungbean
17.0,58.0,20.0,28.06642822,85.91625451,6.42937879,39.23831035,mungbean
25.0,40.0,21.0,27.73329078,81.13903037,6.248900919,44.17580911,mungbean
2.0,38.0,18.0,27.53632932,89.92908171,6.619891497999999,45.48591922,mungbean
9.0,48.0,20.0,29.66461594,84.28187572,6.377568542000001,56.09542002,mungbean
37.0,49.0,25.0,29.914544300000006,85.85384444,6.415459592,41.39081525,mungbean
36.0,38.0,15.0,28.36363858,87.59810657,6.3206620120000006,57.99524359,mungbean
40.0,58.0,15.0,29.46416042,87.60890009,6.978400282000001,43.15411472,mungbean
30.0,44.0,16.0,29.73013036,82.89166381,6.442335592999999,50.91511275,mungbean
1.0,59.0,23.0,27.46852989,87.17649,7.184398832,43.78420984,mungbean
9.0,48.0,22.0,27.77076285,87.09979549,6.402926221,49.50812624,mungbean
14.0,41.0,17.0,29.12939524,88.48312598,7.085982325,36.45012824,mungbean
35.0,52.0,19.0,27.10606808,89.89593328,6.698574085,37.45680611,mungbean
31.0,48.0,17.0,28.88078945,86.94206817,6.594739424,53.79732545,mungbean
4.0,41.0,20.0,28.14720892,83.8001509,6.647965508,37.44800463,mungbean
30.0,37.0,25.0,29.89129144,80.14487166,7.120032489,54.7960127,mungbean
9.0,35.0,20.0,27.41503453,80.98004661,6.91380932,40.53173216,mungbean
20.0,41.0,20.0,29.27308605,89.4875022,7.073048264,50.9246554,mungbean
37.0,50.0,23.0,29.65296893,88.48587386,6.5304707,56.01913159,mungbean
34.0,35.0,21.0,28.44524991,82.67639542,6.684381357,58.18713162,mungbean
14.0,37.0,15.0,27.96235681,83.97586797,6.581351374,48.9366954,mungbean
23.0,39.0,22.0,29.25649321,81.97952224,6.86483915,42.02483277,mungbean
5.0,45.0,21.0,28.36291385,88.00989267,6.487124217000001,43.05130077,mungbean
22.0,37.0,20.0,27.62749466,86.49366929,6.605733067999999,39.26137642,mungbean
40.0,51.0,17.0,28.66086349,86.12194568,6.860602782000001,50.01534317,mungbean
27.0,56.0,20.0,29.2114218,87.11497805,6.41874299,51.53848218,mungbean
31.0,40.0,22.0,29.40889385,86.16063492,6.365513634,53.35486977,mungbean
38.0,36.0,21.0,28.02952623,84.8845732,6.5563729660000005,36.12042927,mungbean
6.0,37.0,17.0,28.08657178,80.35005927,6.760694227999999,38.14476781,mungbean
6.0,47.0,18.0,29.16174608,80.28038146,6.715276662999999,40.16545979,mungbean
24.0,44.0,17.0,29.8596912,80.03499648,6.666380512000001,50.66487502,mungbean
25.0,59.0,19.0,29.06631494,83.6869203,6.626629798,43.95183726,mungbean
32.0,56.0,21.0,27.38538997,88.66663953,6.702772465,58.29933073,mungbean
8.0,45.0,18.0,27.93034941,85.42058715,7.011030515,43.25095608,mungbean
19.0,39.0,17.0,29.2808618,81.8009244,6.890156495,44.47427436,mungbean
39.0,37.0,15.0,28.9973145,83.78911515,6.821747052,59.84499208,mungbean
33.0,37.0,19.0,27.92678579,86.5543196,7.183189922,43.4826194,mungbean
26.0,54.0,17.0,28.5474135,88.9570454,6.27258822,49.4897245,mungbean
21.0,51.0,15.0,29.36488409,89.1886954,6.679127482,48.30159325,mungbean
22.0,54.0,20.0,28.56149805,83.63802195,6.689825155,41.013132,mungbean
29.0,45.0,16.0,28.43683487,87.91332682,6.583381939,43.12063289,mungbean
4.0,40.0,21.0,28.79728147,80.45744422,6.725551062,44.30070517,mungbean
10.0,37.0,22.0,28.7275267,89.12760359,7.069747813999999,58.52974279,mungbean
4.0,44.0,19.0,27.95639663,83.52706038,6.921993877999999,43.25726752,mungbean
20.0,45.0,17.0,28.17458662,83.69659318,6.770955317,37.2464655,mungbean
23.0,45.0,23.0,28.77653519,86.69133979,6.983130466,56.12443206,mungbean
25.0,48.0,21.0,28.438097,83.48991368,6.267684328,52.55469976,mungbean
56.0,79.0,15.0,29.48439992,63.19915325,7.454532137,71.89090748,blackgram
25.0,62.0,21.0,26.73433965,68.13999721,7.040056094,67.15096376,blackgram
42.0,61.0,22.0,26.27274407,62.28814857,7.418650668,70.23207557,blackgram
42.0,73.0,25.0,34.03679184,67.21113844,6.501869314,73.23573601,blackgram
44.0,58.0,18.0,28.03644051,65.06601664,6.814410927999999,72.49507741,blackgram
50.0,55.0,16.0,28.81460716,65.33538112,7.581442888,62.26242533,blackgram
35.0,72.0,21.0,34.03619494,64.28791388,7.741418772,66.85510868,blackgram
30.0,64.0,20.0,33.8642935,61.57072498,6.573531614,68.02199825,blackgram
27.0,64.0,21.0,32.84213012,68.68401492,7.543804222999999,73.67166182,blackgram
50.0,74.0,17.0,27.10053268,63.36085585,6.5408208,73.84949872,blackgram
39.0,73.0,24.0,25.65842532,61.18235808,7.22405917,69.28607828,blackgram
57.0,67.0,25.0,32.34744009,66.61452812,7.551364319,64.55882254,blackgram
52.0,63.0,19.0,29.58949031,68.32176769,6.928898659,67.53021213,blackgram
55.0,66.0,22.0,30.91219459,68.79427388,7.747775262999999,66.63830637,blackgram
51.0,56.0,18.0,28.12787838,64.2097765,6.706505915,70.86340755,blackgram
36.0,66.0,15.0,30.08545364,69.34811988,6.668238556,67.1367443,blackgram
59.0,55.0,19.0,31.74379487,62.51007687,7.332375138,68.97097538,blackgram
50.0,58.0,23.0,27.81326852,62.50460464,7.596802025,69.75555541,blackgram
30.0,65.0,25.0,32.88733849,64.59457409,7.70650895,71.50569456,blackgram
20.0,62.0,18.0,29.36358721,64.98742947,7.366542647,61.91208707,blackgram
58.0,71.0,15.0,27.82592799,67.58618829999999,6.919243702,74.01229707,blackgram
25.0,71.0,24.0,28.49538735,60.44848407,7.187721817999999,74.91559514,blackgram
52.0,71.0,16.0,27.74274761,68.53997144,7.0758864720000005,71.78615328,blackgram
40.0,63.0,18.0,30.41588462,67.66323804,6.74441168,63.02473185,blackgram
20.0,60.0,25.0,27.3254209,69.09047809,6.726469087999999,61.19250859,blackgram
48.0,61.0,21.0,30.28496619,61.69295127,6.628264883,65.62859526,blackgram
49.0,68.0,22.0,28.56840626,61.53278622,7.127064207,63.49726331,blackgram
48.0,62.0,15.0,25.36586097,66.6379724,7.538631462000001,65.81655892,blackgram
32.0,66.0,17.0,34.9466155,65.26774011,7.162357641,70.1415139,blackgram
21.0,63.0,22.0,25.09737391,67.72837887,6.859409487000001,74.61649888,blackgram
20.0,72.0,19.0,32.47648301,64.34848735,7.397190844,65.82045699999999,blackgram
25.0,65.0,21.0,33.86351172,68.59232289,6.880245789,69.24464096,blackgram
41.0,78.0,21.0,25.19857725,60.37332688,6.581313137,70.88787207,blackgram
53.0,67.0,17.0,31.77681682,69.01852894,7.296972161,61.46892873,blackgram
39.0,60.0,21.0,34.89814946,63.59948557,6.97297656,64.72797143,blackgram
25.0,76.0,17.0,31.74105409,68.63525428,7.241148507,62.3061735,blackgram
21.0,78.0,19.0,27.16159076,66.76017239,6.92009048,69.85112265,blackgram
57.0,60.0,17.0,26.23773129,67.88521396,7.504608385,73.58663968,blackgram
56.0,75.0,15.0,30.20157245,60.06534859,7.152272256,66.37171179,blackgram
49.0,72.0,15.0,31.55846339,67.83563765,7.137004749,74.86960831,blackgram
24.0,80.0,19.0,29.67892453,69.0854554,6.8080417220000005,65.66436565,blackgram
49.0,76.0,18.0,27.05365239,67.7017527,7.393631868,60.4693835,blackgram
28.0,68.0,19.0,34.63880966,61.38597868,7.69950698,72.43169115,blackgram
55.0,78.0,21.0,33.39438752,62.93692886,6.602888248999999,63.57445989,blackgram
50.0,64.0,25.0,28.84079155,63.37230676,6.734447425,70.25496749,blackgram
34.0,80.0,19.0,31.49338309,63.0563645,6.521217963,71.48327008,blackgram
20.0,68.0,23.0,25.54960633,63.95425534,7.707332484,63.1830529,blackgram
55.0,67.0,16.0,34.37329112,69.69366426,6.596719015,70.27184748,blackgram
23.0,70.0,15.0,34.600824700000004,63.11296779,7.403623355,60.41790253,blackgram
53.0,74.0,15.0,29.43463808,64.94329356,7.517097,72.17818157,blackgram
26.0,67.0,16.0,29.10713092,67.90577375,7.17620823,67.83345933,blackgram
33.0,80.0,22.0,28.57006111,65.71765781,6.593961761,70.0866434,blackgram
37.0,79.0,19.0,27.54384835,69.3478631,7.143942758,69.40878198,blackgram
33.0,75.0,21.0,33.04687968,68.93875631,6.690655045,62.30278274,blackgram
22.0,55.0,20.0,33.95309131,69.96100028,7.423530351,61.16350463,blackgram
20.0,68.0,17.0,30.11873003,60.11680815,6.578714842999999,71.72980375,blackgram
43.0,68.0,20.0,29.57812712,66.17587668,7.497469256,69.43895491,blackgram
44.0,76.0,22.0,27.26458947,68.01232937,7.775306272000001,68.91754359,blackgram
34.0,60.0,16.0,31.35730791,64.24992106,7.322555222999999,63.85668948,blackgram
21.0,72.0,17.0,31.52104732,66.55723677,7.580527339,61.71111448,blackgram
25.0,68.0,19.0,29.39982732,64.25510719,7.1084501210000015,67.47677295,blackgram
41.0,62.0,15.0,29.38400259,64.14928485,7.358974541,65.24194361,blackgram
28.0,65.0,23.0,28.38686534,61.88871127,7.405176138,74.24459122,blackgram
35.0,64.0,15.0,28.47442276,63.53604453,6.500144962,69.5274407,blackgram
52.0,58.0,16.0,30.64095781,61.14508627,7.167435834,71.36947525,blackgram
58.0,75.0,25.0,25.25596239,61.36669662,7.261791753,68.64685069,blackgram
34.0,66.0,19.0,32.97030511,60.18122078,7.586642101,73.44678678,blackgram
52.0,70.0,16.0,33.66855394,66.60416867,7.534811832999999,67.32520551,blackgram
23.0,57.0,19.0,32.83963757,67.99803573,7.251000789,73.40452716,blackgram
42.0,58.0,25.0,27.45853567,62.90020977,6.513620917999999,69.46020927,blackgram
37.0,62.0,17.0,25.68576704,69.84354028,7.121254928,74.62068748,blackgram
44.0,75.0,22.0,30.0328403,64.14800537,7.574561547,71.21006868,blackgram
21.0,80.0,20.0,28.20667264,68.27085245,7.350869792,64.32887142,blackgram
56.0,76.0,16.0,28.27265858,61.18956161,7.5131510760000015,63.29900785,blackgram
29.0,76.0,15.0,28.541723600000005,64.2020154,7.0256077060000015,69.68862306,blackgram
43.0,61.0,20.0,26.87187036,61.61367264,6.804253866,63.51822045,blackgram
55.0,60.0,15.0,32.79766751,68.77994074,7.163043872,64.11411069,blackgram
44.0,63.0,15.0,26.42333018,64.51136845,7.338929556,63.46546487,blackgram
29.0,67.0,21.0,29.79181107,63.38789228,6.621323612,63.02169909,blackgram
47.0,63.0,16.0,27.44003279,67.10464369,6.661870999,72.50669768,blackgram
40.0,68.0,17.0,34.1262979,65.14877461,7.733149554,70.40795007,blackgram
58.0,61.0,15.0,30.94908189,64.23364112,7.402891666,62.78730907,blackgram
41.0,74.0,18.0,28.75751783,61.02701476,6.599147297999999,73.37686831,blackgram
58.0,79.0,17.0,27.24766491,66.10123083,7.04174124,62.31842057,blackgram
27.0,62.0,24.0,28.63005477,66.770943,7.353876754,62.2737345,blackgram
27.0,60.0,17.0,26.41768321,63.64698302,7.026795358999999,64.42177127,blackgram
52.0,65.0,20.0,32.81705216,66.15665137,6.814301033,68.83924882,blackgram
44.0,55.0,25.0,29.6321052,65.91359954,7.42160832,71.16331975,blackgram
21.0,62.0,24.0,33.49077065,62.73317204,6.8473828910000005,65.45328463,blackgram
60.0,59.0,22.0,31.86847286,66.74217464,7.191522601,74.22238583,blackgram
33.0,77.0,21.0,30.32992227,65.62971858,7.01285529,71.64631281,blackgram
59.0,58.0,17.0,28.546224,66.31394098,7.368318809,62.83469851,blackgram
29.0,63.0,17.0,30.02629908,67.88811637,7.26154329,66.47264636,blackgram
59.0,63.0,18.0,31.65531175,60.13263713,6.52669158,66.69096751,blackgram
29.0,70.0,15.0,30.33499674,63.54718862,6.872594461,74.16699119,blackgram
58.0,73.0,16.0,33.36984395,65.67718163,6.874142175,64.89517488,blackgram
55.0,77.0,22.0,31.4345059,62.99303471,7.76061831,64.77651469,blackgram
42.0,79.0,23.0,27.71678273,63.29103387,6.781841984,68.56507978,blackgram
44.0,77.0,21.0,32.63918668,61.3009051,7.326980454,61.83876146,blackgram
38.0,62.0,25.0,32.7477393,67.77954584,7.453975408,63.37784443,blackgram
32.0,76.0,15.0,28.05153602,63.49802189,7.604110177000001,43.35795377,lentil
13.0,61.0,22.0,19.44084326,63.27771461,7.728832424,46.83130119,lentil
38.0,60.0,20.0,29.84823072,60.63872613,7.491217102,46.80452595,lentil
11.0,74.0,17.0,21.36383757,69.92375891,6.633864582,46.6352865,lentil
37.0,71.0,16.0,26.28663931,68.51966729,7.324863481,46.13833007,lentil
29.0,71.0,18.0,22.17499963,62.13873825,6.410441476,53.46622584,lentil
2.0,72.0,18.0,26.57597546,60.97876599,7.836719564,50.89110726,lentil
6.0,59.0,21.0,26.58972517,66.14007674,6.139215944,50.90994463,lentil
13.0,64.0,20.0,19.1345771,62.57526895,6.590571088,36.46946971,lentil
8.0,58.0,17.0,28.75273118,69.15640149,7.286049977999999,35.15426171,lentil
6.0,77.0,20.0,25.78746268,60.2816298,6.058306161,49.14337177,lentil
2.0,75.0,22.0,23.89271875,61.78779413,6.658605362,52.55730112,lentil
3.0,69.0,23.0,28.67408774,63.18832976,7.299360767,42.96018627,lentil
27.0,80.0,24.0,28.42062847,61.77336343,7.815210661,49.02366803,lentil
39.0,78.0,15.0,21.35499456,62.60136323,5.925391795,41.78219834,lentil
40.0,79.0,17.0,21.12695586,63.18738532,6.403683619,38.71834464,lentil
37.0,62.0,22.0,24.02037872,61.62313345,7.397546271,49.78102578,lentil
31.0,60.0,24.0,25.40474421,65.8567539,7.722335992,51.92057267,lentil
22.0,67.0,22.0,29.03017561,64.49166566,7.475926645,54.93937710000001,lentil
3.0,78.0,18.0,20.21368219,68.65257685,6.887130053,50.89732989,lentil
4.0,80.0,16.0,29.19585548,68.01965728,7.441976825,44.93261911,lentil
13.0,61.0,24.0,18.29783597,69.6897615,7.629910252999999,49.39111479,lentil
12.0,66.0,20.0,27.41434987,63.41785982,7.336117221,44.43177543,lentil
4.0,61.0,21.0,24.84063998,60.09116626,6.75020529,48.77790371,lentil
9.0,60.0,21.0,29.94413861,67.31323084,7.52178027,40.37113729,lentil
18.0,66.0,22.0,25.87990287,67.55109024,6.347379185,47.89645224,lentil
32.0,56.0,18.0,20.0467711,65.84395319,7.135251532000001,46.05333124,lentil
6.0,72.0,15.0,22.99451999,66.70897237,7.670178119,54.49044154,lentil
15.0,77.0,20.0,25.13163619,66.92642362,7.399749291,49.04015558,lentil
0.0,65.0,24.0,28.49584395,62.44616219,7.841496029,53.14531023,lentil
30.0,79.0,22.0,18.28766124,69.48515056,6.254216611,48.60449438,lentil
3.0,63.0,16.0,24.38041875,61.18458224,6.868881707999999,53.13946695,lentil
2.0,78.0,23.0,21.31852148,66.43934593,7.320514721,45.42616802,lentil
10.0,78.0,18.0,18.54141834,62.70637578,6.296976913,44.07819743,lentil
14.0,67.0,25.0,25.28710601,60.85993533,7.241151936,49.37369982,lentil
39.0,65.0,23.0,25.43459777,69.12613376,7.685959305,41.02682925,lentil
19.0,72.0,15.0,28.83600962,69.76112921,6.890760124,44.08562546,lentil
18.0,57.0,21.0,27.37659643,63.93927841,6.155915975,49.47371773,lentil
31.0,58.0,15.0,28.31886863,60.19461399,6.167855382000001,45.36521251,lentil
28.0,58.0,25.0,27.4818649,62.04814951,6.861640036,37.81123974,lentil
5.0,65.0,19.0,18.28072173,68.10365387,6.978361689,48.80253285,lentil
16.0,65.0,19.0,27.61204997,69.29786244,7.043160241,42.72374404,lentil
34.0,65.0,19.0,23.43974653,63.22011726,5.94239222,45.40277297,lentil
14.0,69.0,19.0,20.95628486,63.68128841,7.239455147,52.39881209,lentil
22.0,55.0,16.0,23.7937153,68.03209183,6.516317561,49.73922097,lentil
24.0,61.0,17.0,22.6371424,65.44544859,6.233269045,38.30411077,lentil
2.0,79.0,15.0,21.53577883,65.47227704,7.505283615,35.75107592,lentil
26.0,63.0,17.0,29.87854588,65.73085206,6.950300686,44.95654782,lentil
27.0,61.0,15.0,25.2653291,67.10004577,6.958054839,48.33941188,lentil
24.0,70.0,16.0,25.17885316,68.93307305,6.54803469,35.03484812,lentil
13.0,74.0,25.0,24.12192608,61.09533545,6.461618577,44.23629285,lentil
6.0,64.0,23.0,23.33565221,67.40460704,7.065264073,36.18678721,lentil
12.0,58.0,23.0,21.74600081,63.39503184,6.765091462000001,50.43306085,lentil
32.0,79.0,22.0,27.60195453,63.46170674,5.91645379,54.37814199,lentil
6.0,68.0,18.0,24.388717,62.50453062,6.711341147000001,47.26052494,lentil
10.0,79.0,20.0,24.98287462,66.895409,6.379881442,38.21370568,lentil
38.0,77.0,22.0,28.234829,69.3159965,6.313284267999999,35.36831423,lentil
17.0,74.0,17.0,26.03026959,69.55863145,7.393210848,37.11395801,lentil
26.0,68.0,24.0,28.04849594,64.07691942,7.504930973,37.15824966,lentil
23.0,75.0,17.0,24.87425505,64.00213929,7.198076286,48.28137482,lentil
32.0,78.0,22.0,23.97081395,62.35557553,7.007037515,53.40906048,lentil
19.0,79.0,19.0,20.06003985,67.76252583,6.677262562,42.89509057,lentil
22.0,60.0,18.0,19.59221047,61.28633405,6.74398035,41.7704893,lentil
28.0,69.0,16.0,29.77013109,66.29327012,6.547361617999999,35.69674138,lentil
1.0,67.0,21.0,27.52135365,60.53657684,6.551577598,48.06491307,lentil
12.0,67.0,23.0,25.62896213,63.14909763,6.585020302999999,45.49683991,lentil
36.0,67.0,20.0,20.39078312,60.47528931,6.924042372000001,53.31508572,lentil
28.0,70.0,21.0,25.39038396,60.4989659,7.437373666,39.18374505,lentil
12.0,71.0,19.0,24.91079638,60.71367427,7.142611056000002,42.19740397,lentil
22.0,68.0,16.0,27.70496805,63.20915034,7.74672376,37.46160727,lentil
26.0,66.0,22.0,18.06486101,65.1034354,6.300479414,51.54922825,lentil
16.0,65.0,16.0,18.13027797,62.45851612,6.078724107,50.6128521,lentil
14.0,59.0,22.0,23.82723528,67.89815262,6.76660668,46.90725077,lentil
33.0,59.0,19.0,23.19305333,62.74710773,7.641024177,49.55213308,lentil
21.0,63.0,17.0,25.08966129,68.17543102,6.559681838,41.45486619,lentil
0.0,69.0,21.0,25.86928193,61.88321072,7.072923306,36.68284038,lentil
10.0,75.0,17.0,18.43966037,68.05394959,7.732194787999999,39.00992137,lentil
30.0,61.0,18.0,27.14911056,67.02664337,6.157782589,52.50812701,lentil
0.0,74.0,17.0,23.33375853,64.50515776,7.240988401,47.01510708,lentil
35.0,74.0,22.0,26.7230014,62.96841833,6.898905799,42.87274897,lentil
7.0,63.0,24.0,19.55750776,64.45268309,6.818681086000002,53.04669416,lentil
9.0,56.0,17.0,26.13708256,66.7729209,6.261937875,46.48280681,lentil
14.0,74.0,15.0,27.99990346,65.57653373,6.493036868,49.94043064,lentil
14.0,76.0,20.0,29.05941162,62.10652364,7.042474679,36.5011366,lentil
36.0,65.0,16.0,25.71269843,64.1123333,7.692013657,50.17067771,lentil
28.0,67.0,21.0,21.79792649,63.73086065,6.250994222999999,46.62370222,lentil
28.0,79.0,16.0,24.70626432,60.26854183,6.0521848810000005,53.12442925,lentil
40.0,61.0,22.0,20.94981756,65.8108757,7.002216044,44.23913012,lentil
10.0,70.0,19.0,24.84918386,68.98088448,7.272427638,41.61080544,lentil
12.0,80.0,19.0,21.91041045,65.21662467,5.962001484,36.10211371,lentil
37.0,77.0,20.0,25.93381964,68.70533022,7.080506001,51.02372773,lentil
0.0,67.0,22.0,29.82112112,69.4073209,6.5937983870000005,51.56461082,lentil
7.0,73.0,25.0,27.52185591,63.13215259,7.28805662,45.20841071,lentil
10.0,56.0,18.0,27.99627907,68.6428593,7.32710972,46.10585191,lentil
39.0,70.0,15.0,20.76774783,63.90164154,6.366355781,47.9271552,lentil
26.0,56.0,22.0,23.05276444,60.424786,7.011121216,52.60285259,lentil
9.0,77.0,17.0,21.65845777,63.58337146,6.280725549,38.07659414,lentil
4.0,59.0,19.0,26.25070298,67.62779652,7.621494566,40.8106299,lentil
34.0,73.0,15.0,20.97195263,63.83179889,7.630424082999999,53.10207889,lentil
33.0,77.0,15.0,23.89736406,66.32102048,7.802212437,40.74536757,lentil
2.0,24.0,38.0,24.55981624,91.63536236,5.922935513,111.9684622,pomegranate
6.0,18.0,37.0,19.65690085,89.93701023,5.937649577999999,108.0458926,pomegranate
8.0,26.0,36.0,18.78359608,87.4024767,6.804781106,102.5184759,pomegranate
37.0,18.0,39.0,24.1469628,94.5110662,6.424670614,110.2316633,pomegranate
0.0,27.0,38.0,22.44581266,89.90147027,6.7380162210000005,109.3905998,pomegranate
31.0,25.0,38.0,24.96273236,92.40501423,6.4973666770000005,109.4169192,pomegranate
21.0,21.0,38.0,22.5526059,89.32594859999998,6.327673765,104.8955643,pomegranate
6.0,30.0,40.0,22.77035608,91.45498527,6.36137446,106.9659201,pomegranate
25.0,27.0,41.0,19.20090378,94.27659596,6.9235093710000015,108.0423555,pomegranate
15.0,11.0,38.0,23.12808226,92.68328358,6.630646082999999,109.3930157,pomegranate
14.0,5.0,36.0,24.92639065,85.19098079,5.832525853,104.7693804,pomegranate
16.0,10.0,41.0,24.77464458,85.63608688,6.738993954,105.7595811,pomegranate
36.0,7.0,37.0,19.8671184,86.35590206,5.782435567,108.3168858,pomegranate
4.0,20.0,41.0,24.26601316,93.7974061,6.537042717,104.5375109,pomegranate
29.0,22.0,40.0,23.62600218,89.73266695,6.145104401,107.6836871,pomegranate
16.0,15.0,42.0,19.67832052,89.08935702,6.890784045,108.5468633,pomegranate
18.0,27.0,41.0,22.36509395,92.30882391,7.175344328,104.8216333,pomegranate
11.0,18.0,42.0,21.57936934,94.88267728,5.938528744,102.8593382,pomegranate
5.0,15.0,38.0,18.26233221,88.16779129,5.709380472,108.0756727,pomegranate
18.0,23.0,44.0,23.71028128,89.61794165,6.184400085,105.64999070000002,pomegranate
9.0,8.0,40.0,22.48720144,89.9224883,6.553509673,111.6631582,pomegranate
40.0,27.0,45.0,21.66024980000001,94.79397419,5.885638185,112.4349689,pomegranate
22.0,23.0,44.0,20.13037175,89.31505137,6.1438746910000015,107.3416913,pomegranate
9.0,16.0,39.0,18.41164435,91.11927248,6.101198974,105.1834976,pomegranate
12.0,29.0,40.0,19.68291173,89.75272999,6.594037135,111.2818551,pomegranate
0.0,17.0,42.0,23.20242586,91.19442671,6.8598408210000015,109.0946323,pomegranate
2.0,21.0,44.0,18.92157197,87.31290342,6.56893406,102.8013275,pomegranate
28.0,6.0,40.0,22.10621387,91.34039616,6.769855664,106.8704803,pomegranate
8.0,23.0,44.0,18.47412402,89.68919664,7.130837931,108.4758509,pomegranate
29.0,16.0,36.0,19.81069447,88.92944254,5.7403380020000006,102.860084,pomegranate
17.0,18.0,43.0,24.4880844,90.83687246,5.843005428,103.1969341,pomegranate
34.0,21.0,42.0,18.75927679,89.93457597,6.648687273999999,111.0196744,pomegranate
21.0,23.0,42.0,19.54128063,90.29751796,6.902751061,104.3739878,pomegranate
25.0,17.0,40.0,18.91251245,87.74938524,6.608023872,111.28005159999998,pomegranate
8.0,25.0,36.0,19.91330523,94.95031368,6.828522375,104.0277061,pomegranate
26.0,18.0,42.0,19.72620525,89.64934166,6.910374919,108.22872759999998,pomegranate
4.0,19.0,42.0,23.83185873,87.84034604,6.306605528,111.2232716,pomegranate
36.0,24.0,41.0,24.94467632,94.25702672,7.009180374,103.8799347,pomegranate
5.0,24.0,40.0,24.692258,93.87030088,6.297907578999999,104.6735454,pomegranate
19.0,17.0,39.0,24.72485577,85.56083187,6.728599215,111.2787584,pomegranate
39.0,30.0,38.0,20.12644921,87.59629625,6.965156737999999,108.065579,pomegranate
5.0,29.0,44.0,21.02432943,93.0569505,5.578095745,104.7847006,pomegranate
4.0,24.0,43.0,22.40423537,88.1508343,7.199504273,109.8695196,pomegranate
38.0,21.0,35.0,20.33691147,89.38003827,5.841367187,110.9653137,pomegranate
37.0,11.0,36.0,24.24779615,85.56033312,6.710143266,106.9216033,pomegranate
9.0,25.0,41.0,24.81530144,91.90842992,5.972714857000001,109.2853418,pomegranate
29.0,22.0,43.0,19.66329768,87.95158129,5.561851831,106.0380805,pomegranate
5.0,21.0,38.0,22.43377991,90.3396556,6.107054807999999,112.459697,pomegranate
22.0,26.0,38.0,22.92052307,85.12912161,6.988035315,110.2437841,pomegranate
4.0,18.0,37.0,22.91843172,85.40695044,7.13147457,106.2817706,pomegranate
21.0,6.0,41.0,24.88244467,89.39686219,7.086947687,107.1951707,pomegranate
29.0,21.0,45.0,23.40981539,93.13277,6.749260456,105.2240743,pomegranate
23.0,5.0,44.0,21.20725375,94.26304717,7.16300467,107.5660804,pomegranate
13.0,7.0,43.0,18.20230419,91.12282162,7.013481515,109.66239740000002,pomegranate
5.0,13.0,37.0,22.34375696,89.7870345,5.648243648999999,103.3183074,pomegranate
27.0,24.0,41.0,24.32770134,90.88292835,6.610251186,110.4606459,pomegranate
7.0,23.0,35.0,19.75088482,88.71691157,7.054313822999999,102.5538035,pomegranate
12.0,20.0,39.0,19.86173586,86.19740917,6.026999326,111.0217929,pomegranate
4.0,19.0,43.0,18.07132963,93.14554876,5.7794274020000005,106.3602023,pomegranate
3.0,9.0,45.0,23.89162561,89.61850203,6.535244251,104.617522,pomegranate
1.0,27.0,36.0,23.98598756,93.34236582,5.684995235,104.991282,pomegranate
23.0,30.0,44.0,20.93892916,85.42912869,6.12476108,103.0295938,pomegranate
24.0,21.0,42.0,20.82210727,87.22815682,6.999014379,109.4429934,pomegranate
13.0,30.0,37.0,20.86474944,91.61793636,6.277148771,106.8685636,pomegranate
40.0,11.0,44.0,24.45840036,86.10874614,6.322396027000001,111.3779693,pomegranate
21.0,9.0,40.0,24.51147697,90.64498715,5.956401828,105.6209954,pomegranate
3.0,27.0,44.0,24.56811204,92.03009222,6.591302797000001,110.9633894,pomegranate
40.0,29.0,42.0,24.63228709,89.01574455,7.104094929,110.6956184,pomegranate
14.0,25.0,40.0,20.07386547,90.97819712,6.407872061,103.7084055,pomegranate
38.0,14.0,37.0,21.80523051,94.63612858,6.658402594,102.6488846,pomegranate
34.0,9.0,36.0,22.8122645,86.34233767,6.276038961,110.4432293,pomegranate
32.0,14.0,37.0,22.73031253,88.48567856,6.825256236,104.6843243,pomegranate
18.0,21.0,35.0,23.2801227,94.94330457,6.368560522,111.1382096,pomegranate
8.0,23.0,38.0,19.30106297,87.1775172,7.005410734,105.4766591,pomegranate
15.0,6.0,41.0,19.0087067,88.83768149,6.8973684770000006,108.6793978,pomegranate
0.0,5.0,36.0,24.35193812,90.88612388,6.152906502,105.529185,pomegranate
22.0,9.0,44.0,24.72235539,88.87651295,5.744361602000001,112.1926517,pomegranate
14.0,8.0,43.0,21.92513945,94.46485312,7.051654924,111.71620159999998,pomegranate
31.0,11.0,45.0,24.83954414,86.88738076,6.034612928,107.6435771,pomegranate
39.0,17.0,45.0,18.09691127,90.42177379,6.9244907310000015,104.88188999999998,pomegranate
10.0,5.0,42.0,20.24104904,91.08706822,6.887005997,109.2537734,pomegranate
8.0,28.0,38.0,23.22594,94.42971362,6.8444019,105.6917856,pomegranate
32.0,13.0,42.0,23.50128217,92.97527546,5.786058032000001,106.61905,pomegranate
18.0,9.0,40.0,19.44623085,89.02127045,5.627186257000001,106.1606833,pomegranate
20.0,27.0,41.0,20.51343484,92.51675903,5.700088663,110.5764023,pomegranate
39.0,25.0,36.0,18.90223032,94.99897537,5.567805185,107.6103211,pomegranate
20.0,7.0,45.0,18.90592319,89.24126808,6.077886012,112.4750941,pomegranate
11.0,10.0,45.0,22.63045168,88.45577158,6.397995609,109.0357597,pomegranate
40.0,18.0,43.0,19.38603815,86.79058496,5.767372539,109.91309840000002,pomegranate
3.0,26.0,39.0,24.38318965,91.19431555,7.079973241,103.6012114,pomegranate
9.0,16.0,36.0,23.77989026,92.93386903,5.893332377999999,106.977723,pomegranate
30.0,20.0,38.0,22.59890174,93.16343942,7.058222596,110.0932899,pomegranate
40.0,9.0,41.0,24.37766782,85.4017118,5.78270695,106.128338,pomegranate
40.0,30.0,35.0,20.89273273,91.07776977,6.269663962999999,104.4407083,pomegranate
32.0,25.0,35.0,18.09903225,85.70786282,5.892913826,107.0050976,pomegranate
33.0,23.0,45.0,20.00218987,85.83618191,7.116538883,112.337046,pomegranate
4.0,14.0,41.0,19.85139326,89.80732335,6.430163481,102.8186358,pomegranate
13.0,17.0,45.0,21.25433607,92.65058936,7.159520979,106.2784673,pomegranate
39.0,24.0,39.0,23.65374106,93.32657504,6.431265737,109.8076178,pomegranate
8.0,28.0,37.0,23.88404783,86.20613842,6.082571701,108.3121789,pomegranate
91.0,94.0,46.0,29.36792366,76.24900101,6.149934034,92.82840911,banana
105.0,95.0,50.0,27.33368994,83.67675197,5.849076099,101.0494791,banana
108.0,92.0,53.0,27.40053601,82.96221306,6.276800323,104.9378,banana
86.0,76.0,54.0,29.3159075,80.11585705,5.926824754,90.10978128,banana
80.0,77.0,49.0,26.05433004,79.39654531,5.519088423,113.2297373,banana
93.0,94.0,53.0,25.86632408,84.42379269,6.079178787999999,114.5357503,banana
90.0,92.0,55.0,27.00932084,80.18546798,6.13465588,97.32531705,banana
108.0,89.0,53.0,29.55054817,78.06762846,5.808497603999999,99.34482238,banana
108.0,88.0,55.0,26.28845991,83.390039,5.891458107,113.8729798,banana
105.0,77.0,52.0,29.16226551,76.16151562,5.816622478999999,100.0075679,banana
118.0,88.0,52.0,28.65003945,82.68752542,5.8431631610000005,98.75084366,banana
101.0,87.0,54.0,29.07311132,76.50045221,6.376756632999999,100.1692639,banana
95.0,75.0,50.0,28.08166093,75.26429821,5.623615687000001,118.2761894,banana
106.0,85.0,53.0,27.1994597,78.80860679999998,5.91505509,99.72430835,banana
86.0,95.0,49.0,28.05484146,78.04602887,6.458714879,108.3957179,banana
83.0,79.0,55.0,25.14748006,83.34688193,5.565028635,98.66679427,banana
85.0,95.0,47.0,25.94019018,78.3422098,6.211833161,119.84797,banana
109.0,79.0,45.0,27.66752761,79.68542782,6.490074429,108.66464,banana
100.0,76.0,45.0,25.56703012,75.94067692,5.590236025,102.7867717,banana
117.0,86.0,48.0,28.6956201,82.54195839,6.225225238999999,116.1616839,banana
114.0,94.0,53.0,26.33544853,76.8532006,6.190757458999999,118.6858263,banana
110.0,78.0,50.0,25.93730186,78.89864446,5.915568968,98.21747528,banana
94.0,70.0,48.0,25.13686519,84.88394407,6.195152442,91.46442491,banana
80.0,71.0,47.0,27.50527651,80.79783998,6.156373499,105.0776992,banana
114.0,79.0,51.0,26.21009246,82.34429458,6.313197204,112.0700033,banana
88.0,78.0,45.0,29.10403455,79.19588629,6.324270089,92.07835761,banana
112.0,73.0,48.0,29.244063800000006,77.32017166,5.7074889870000005,90.66727868,banana
117.0,76.0,47.0,25.56202173,77.38229006,6.119216009,93.10247183,banana
111.0,87.0,48.0,26.3985515,81.36028902,5.571401169,98.16752001,banana
89.0,83.0,47.0,28.09577643,77.79586769,5.63127166,109.5408614,banana
93.0,91.0,47.0,27.84767901,83.31110751,6.101241579,117.2878912,banana
92.0,81.0,52.0,27.39341554,81.4654833,6.438137278999998,94.31102057,banana
105.0,74.0,45.0,25.14517635,81.38204104,6.098369122,119.218154,banana
102.0,71.0,48.0,28.65456263,79.28693687,5.695267822000001,102.4633775,banana
94.0,91.0,51.0,29.16093424,76.67484233,5.6180944460000015,109.575944,banana
116.0,71.0,47.0,27.57278064,82.0638878,6.435785799,91.34276507,banana
117.0,79.0,49.0,25.40909896,82.36208097,6.176644228,112.9794804,banana
119.0,72.0,55.0,25.99069521,83.33983116,6.220643671,112.0777152,banana
99.0,73.0,53.0,26.29039046,81.06003778,5.8717022110000014,118.6730366,banana
91.0,84.0,52.0,29.14827211,78.71024836,6.390741836,117.536781,banana
80.0,90.0,47.0,26.59743595,79.35898915,6.21084479,107.3944717,banana
101.0,70.0,48.0,25.36059237,75.03193255,6.012696655,116.5531455,banana
108.0,89.0,53.0,29.12036889,80.18080728,5.908770059,112.3982055,banana
100.0,80.0,52.0,27.53911354,77.25629897,6.049801781,110.3262123,banana
109.0,91.0,53.0,29.66727337,83.51014178,6.010095852999999,110.2511102,banana
82.0,78.0,46.0,25.05802193,84.97323747,5.738678895,110.4408803,banana
106.0,70.0,55.0,25.86824781,78.52399914,5.74055541,116.3019555,banana
90.0,86.0,52.0,25.85036988,81.95580471,5.793260262,119.08561709999998,banana
83.0,95.0,50.0,26.51682337,77.79913575,5.50947065,108.8547508,banana
119.0,90.0,48.0,28.66725136,79.59242542,5.986442306,118.2583441,banana
107.0,72.0,45.0,28.14938935,81.54448882,5.790768046,91.40508414,banana
116.0,81.0,55.0,26.42313317,83.69950440000002,5.915546415,95.12322062,banana
101.0,75.0,50.0,26.59386409,81.40740301,6.242528277999999,109.9825551,banana
93.0,81.0,50.0,27.71822477,76.57853189,6.0360792660000016,102.2099836,banana
95.0,75.0,45.0,28.98333432,82.95958244,5.829898502000001,109.022564,banana
107.0,71.0,55.0,29.42017919,83.96754496,6.088064451,117.229079,banana
83.0,94.0,47.0,27.39872329,81.10523402,6.469370954,112.1355384,banana
102.0,73.0,54.0,26.4020227,84.41007614,5.720726906,111.0162259,banana
86.0,79.0,45.0,27.81251452,82.69285419,5.80766417,99.20961514,banana
117.0,86.0,53.0,25.19640218,83.55829874,5.703381727999999,115.8586081,banana
111.0,79.0,53.0,28.31193338,75.77363772,6.165001277999999,119.695765,banana
95.0,74.0,50.0,25.90113128,80.47152737,6.002481605,110.10323,banana
91.0,75.0,55.0,27.48612983,76.11239849,6.212369363,109.2768851,banana
93.0,83.0,46.0,29.38254012,83.50423735,5.765308943,109.2486647,banana
92.0,85.0,51.0,29.22118628,81.08183635,5.740764682000001,108.8616474,banana
104.0,80.0,54.0,27.09062164,81.33506906,5.879119455,110.1331182,banana
103.0,72.0,51.0,26.12643374,81.81365007,6.099478745,104.4812858,banana
92.0,75.0,45.0,29.01207743,77.95192527,5.674403358999999,90.43495443,banana
93.0,85.0,49.0,27.96799119,79.28625709,5.694243847,119.4765557,banana
120.0,87.0,52.0,28.0764455,76.05522115,5.905494703,118.99235729999998,banana
108.0,72.0,46.0,25.16278237,84.97849241,6.110844721,90.94554618,banana
105.0,88.0,54.0,25.78749808,84.51194224,6.020445317,114.2005455,banana
98.0,79.0,50.0,25.34119774,84.47321314,6.435917308,91.06493353,banana
111.0,88.0,55.0,29.44795403,78.34971537,5.505393832999999,96.45042585,banana
97.0,74.0,45.0,26.47522633,78.51833782,5.677719902000001,113.1161095,banana
95.0,82.0,48.0,27.39489579,83.31172003,5.719014989,92.78133617,banana
89.0,91.0,55.0,25.08347445,80.26173100000003,6.275572297999999,94.32961456,banana
89.0,85.0,55.0,26.671983500000003,76.48541655,6.275384607,91.73358569,banana
118.0,88.0,51.0,25.44926208,79.49221962,6.201911642000001,100.6619171,banana
101.0,92.0,45.0,28.22776705,80.64303840000002,5.758054257,98.00403016,banana
99.0,92.0,47.0,28.127950899999995,77.48247073,6.3239336470000005,103.5045395,banana
82.0,77.0,46.0,28.9470467,82.1888998,5.901100841,95.83016448,banana
90.0,86.0,55.0,27.96236771,84.15403614,5.644486582000001,97.55986676,banana
95.0,88.0,52.0,28.00316034,78.90085998,6.235461772000001,94.68180316,banana
104.0,73.0,46.0,29.1400919,80.1190228,6.28236237,90.45142867,banana
102.0,73.0,52.0,27.9122104,83.36307683,6.356090905,90.24211529,banana
100.0,74.0,52.0,25.43480512,81.53977797,5.837258235,96.47800391,banana
94.0,89.0,48.0,28.55980972,84.51602322,5.653437902,111.0843029,banana
99.0,70.0,46.0,26.59580783,82.99556744,5.727469947,100.5123341,banana
112.0,87.0,48.0,27.19711623,77.39706290000002,6.200111067999999,99.46950465,banana
117.0,82.0,45.0,25.29391516,79.29122198,5.614471478,105.4220251,banana
96.0,86.0,51.0,29.90888522,76.98740841,6.257369799,91.99964712,banana
113.0,85.0,45.0,27.94972463,76.63713353,6.037430836,109.0921631,banana
105.0,93.0,46.0,25.01018457,78.76260938,5.760457558,108.3690513,banana
85.0,89.0,51.0,29.21144871,84.70189923,6.1581644220000005,108.5501443,banana
108.0,94.0,47.0,27.35911627,84.54625006,6.387431382999999,90.81250457,banana
92.0,81.0,52.0,28.0106804,76.52808057,5.891413895,103.7040783,banana
110.0,71.0,54.0,28.67208915,82.20793613,5.725418961,94.37987496,banana
82.0,75.0,55.0,27.34585147,78.48738349999998,6.281069505,92.15524332,banana
117.0,81.0,53.0,29.50704598,78.20585613,5.507641777999999,98.12565829,banana
2.0,40.0,27.0,29.73770045,47.54885174,5.954626604,90.09586854,mango
39.0,24.0,31.0,33.55695561,53.72979826,4.757114897,98.67527561,mango
21.0,26.0,27.0,27.00315545,47.67525434,5.6995869720000005,95.85118326,mango
25.0,22.0,25.0,33.56150184,45.53556603,5.977413802999999,95.70525913,mango
0.0,21.0,32.0,35.89855625,54.25964196,6.430139436,92.19721736,mango
20.0,19.0,35.0,34.17719782,50.62161586,6.113935087000001,98.00687989,mango
19.0,21.0,34.0,30.01592643,53.19212381,5.074272692,97.72843182,mango
18.0,17.0,31.0,31.74592134,45.16127859,5.667507706,93.75441586,mango
11.0,36.0,33.0,35.99009679,52.22780489,5.978634285,95.3713484,mango
30.0,28.0,30.0,31.86641378,52.19331595,5.064613314,98.46768642,mango
18.0,19.0,27.0,27.75518664,52.34605806,4.772385986000001,94.11213345,mango
23.0,23.0,27.0,34.72413192,51.4271781,5.161148592,97.31258083,mango
37.0,30.0,34.0,27.53907547,53.63549533,6.797779227,99.35408185,mango
11.0,27.0,30.0,27.69637763,48.56224879999999,6.39474303,89.85646496,mango
12.0,19.0,31.0,27.25373364,52.66319725,5.566704378,91.87312479,mango
3.0,28.0,33.0,30.33723921,48.88704844,5.755049971,94.42850522,mango
37.0,38.0,32.0,31.85744939,45.53106268,5.417340525,91.55845821,mango
26.0,37.0,30.0,35.39986338,49.45962621,6.166173833999999,97.41054011,mango
14.0,18.0,30.0,29.80747243,52.13797867,5.191265116,95.74606104,mango
40.0,16.0,35.0,34.16438906,54.16482251,4.954739564,98.33351125,mango
4.0,20.0,25.0,28.93270187,47.94053996,5.664587011,99.9834242,mango
36.0,25.0,33.0,27.98392787,53.33018851,5.548584852,99.61465679,mango
30.0,17.0,31.0,31.20478173,54.49960506,6.804437106,94.62954663,mango
28.0,37.0,28.0,32.13409675,50.52559148,6.097869767000001,98.63333684,mango
38.0,15.0,30.0,28.91862016,48.13974548,5.075504537,97.01331604,mango
12.0,37.0,30.0,31.09779147,47.41196659,4.546466109,90.28624348,mango
38.0,19.0,31.0,34.73823882,49.08864345,5.855119267999999,90.65022183,mango
8.0,33.0,29.0,29.98080499,49.48613279,6.442393461,91.82271568,mango
15.0,27.0,28.0,33.80398664,46.12866113,4.507523551,90.82549241,mango
34.0,16.0,25.0,30.07202564,50.96040505,6.10729559,92.09609766,mango
11.0,36.0,31.0,27.92063282,51.77965917,6.47544932,100.2585673,mango
33.0,29.0,34.0,31.40948821,49.21729127,6.832979508999999,92.99739415,mango
12.0,31.0,26.0,35.7877738,51.94190321,5.395275719,100.2160615,mango
12.0,34.0,28.0,33.36140093,45.02236377,6.13526938,98.81596545,mango
5.0,16.0,31.0,35.96054636,48.69677802,4.555688532,98.00644238,mango
1.0,30.0,29.0,28.33333307,51.39586505,6.4341977560000005,91.67241761,mango
16.0,35.0,31.0,32.27652024,50.19368841,5.316875978000001,95.99487068,mango
35.0,18.0,26.0,31.99490489,50.84881347,5.279388967,97.38741498,mango
4.0,40.0,26.0,27.58258929,48.56916221,6.720041791,95.8445641,mango
9.0,29.0,34.0,29.38471637,45.88744691,5.72742254,100.8124659,mango
2.0,38.0,33.0,32.38697531,53.2328243,4.691396195,90.21633216,mango
26.0,32.0,32.0,30.91471455,49.92963856,6.810186079,90.14047759,mango
34.0,38.0,31.0,35.37775595,45.58110023,6.454045329,97.41586402,mango
5.0,32.0,33.0,32.32362177,52.58967710000001,5.842763773,93.36718816,mango
31.0,29.0,26.0,28.22373428,47.40519056,5.024124683999999,97.76832322,mango
34.0,34.0,35.0,27.27433181,47.16808054,6.422710539,95.257992,mango
36.0,19.0,32.0,27.10710832,50.70880979,4.94295037,92.37238878,mango
7.0,17.0,26.0,34.89226666,48.75613373,6.414526606,91.63074547,mango
38.0,15.0,27.0,33.7462686,48.50387598,6.777788126,92.26439205,mango
5.0,19.0,25.0,27.351105600000004,54.43945147,6.441328044,96.27792547,mango
37.0,36.0,26.0,32.89300162,52.61323969,4.650536197,94.49161372,mango
21.0,31.0,32.0,35.38598705,51.42664176,5.254532213,90.29643888,mango
37.0,36.0,27.0,27.552973600000005,47.90859131,5.910634533,90.40332704,mango
23.0,23.0,30.0,32.82141065,47.45553843,4.755273631000001,90.89173106,mango
36.0,26.0,26.0,30.17294105,51.0845903,6.814630246,95.23444287,mango
24.0,33.0,35.0,29.26382931,54.82257868,5.342866119,100.7586226,mango
26.0,18.0,30.0,32.06097197,51.08494181,6.336234623999999,96.59816497,mango
22.0,17.0,26.0,28.69818144,47.71875722,4.754435025,99.642454,mango
11.0,34.0,32.0,29.14305008,49.40983294,6.831706773,97.55155537,mango
29.0,35.0,28.0,28.347161100000005,53.53903102,6.9674177660000005,90.40260445,mango
22.0,28.0,26.0,27.67256197,45.41692012,4.947683034,92.84991507,mango
23.0,24.0,32.0,28.1218093,46.16888595,5.630619901,93.30247448,mango
1.0,35.0,34.0,30.79375683,46.69536813,6.27339822,92.21318555,mango
2.0,24.0,34.0,28.89409382,54.80750249,6.472774648,94.76322976,mango
39.0,37.0,25.0,33.33024826,45.61143594,6.953246506,98.28583013,mango
15.0,36.0,27.0,27.78912455,53.96886679,5.6437102160000014,91.01152997,mango
3.0,18.0,31.0,31.65333432,48.20662669,6.392313972999999,91.09745581,mango
8.0,38.0,32.0,29.75150773,46.73723302,4.981816523,91.405983,mango
33.0,31.0,34.0,31.32995611,50.22287593,5.421265282999999,89.78216168,mango
14.0,29.0,32.0,35.63627319,48.97047762,6.942520105,97.51952041,mango
18.0,20.0,26.0,31.66524687,51.98594645,5.435840509,89.98024312,mango
9.0,21.0,32.0,32.26935342,53.56092806,5.870116071,95.94035356,mango
20.0,30.0,27.0,27.81005614,51.59445462,4.74910393,95.89898581,mango
9.0,38.0,25.0,34.58561471,50.34035336,5.497946899,100.3060719,mango
26.0,24.0,34.0,31.27180992,52.23810152,6.811291098,89.74409017,mango
31.0,36.0,29.0,33.93679864,52.72170281,6.460542749,97.4611918,mango
14.0,18.0,35.0,31.09154239,47.02058367,4.791146778,91.46664318,mango
40.0,16.0,35.0,31.89356292,49.02450149,6.4841522000000005,89.59371481,mango
28.0,27.0,34.0,32.45465292,50.69693751,6.526654345,95.04871605,mango
0.0,17.0,30.0,35.47478322,47.97230503,6.279133738,97.79072474,mango
1.0,29.0,29.0,27.32961444,49.30347234,6.052026047000001,93.53197359,mango
2.0,36.0,31.0,30.90225239,49.95955487,5.73171945,91.77522598,mango
12.0,27.0,26.0,29.09382275,45.5661059,5.32307197,96.23520043,mango
7.0,28.0,35.0,30.02086169,46.78393776,4.66910839,96.63721027,mango
0.0,36.0,26.0,34.13072188,51.25786185,5.101206389,96.38808001,mango
26.0,35.0,31.0,33.44619894,53.05980465,5.339556562,98.05089394,mango
27.0,21.0,30.0,35.3915464,52.48823147,5.061081874,91.22881052,mango
22.0,38.0,31.0,31.53356352,53.06009323,5.8211060360000015,98.57025046,mango
22.0,18.0,31.0,30.764551500000003,47.93791463,5.956027059,90.38503469,mango
28.0,23.0,28.0,30.01821337,50.09831810000001,5.676032581,96.08745082,mango
7.0,31.0,27.0,31.32863689,47.59319575,6.524114355,94.67344737,mango
29.0,34.0,26.0,33.88004781,54.39416048,6.2739536760000005,89.29147581,mango
8.0,37.0,33.0,28.07802689,54.9640534,6.128167757000001,97.45373619,mango
39.0,16.0,27.0,35.53845018,52.94641947,4.934964765,91.54560427,mango
40.0,24.0,25.0,28.70595247,50.44030129,5.445008416,95.8946444,mango
19.0,38.0,26.0,31.48451729,48.77926304,4.525722333,93.17221967,mango
21.0,21.0,30.0,27.69819273,51.41593238,5.403908327999999,100.7720705,mango
22.0,18.0,33.0,30.41235793,52.48100602,6.621623545,93.92375879,mango
31.0,20.0,30.0,32.17752026,54.01352682,6.207495815,91.88766069,mango
18.0,26.0,31.0,32.611261400000004,47.74916499,5.418475257000001,91.10190759,mango
24.0,130.0,195.0,29.99677232,81.54156612,6.112305667,67.12534492,grapes
13.0,144.0,204.0,30.7280404,82.42614055,6.092241627000001,68.38135469,grapes
22.0,123.0,205.0,32.44577836,83.88504863,5.896343436,68.73932528,grapes
36.0,125.0,196.0,37.46566825,80.65968681,6.15526103,66.83872293,grapes
24.0,131.0,196.0,22.03296178,83.74372787,5.732453638,65.34440794,grapes
2.0,123.0,198.0,39.64851881,82.21079946,6.253034534,70.39906054,grapes
35.0,140.0,197.0,16.77557314,82.75241875,6.106190557000001,66.76285469,grapes
11.0,122.0,195.0,12.14190714,83.56812483,5.647202395,69.63122027,grapes
6.0,123.0,203.0,12.7567962,81.62497448,6.130310493,66.77844567,grapes
17.0,134.0,204.0,39.04071989,80.18393287,6.499604931,73.88467027,grapes
25.0,130.0,197.0,39.70772192,82.68593454,5.554831977,74.91506217,grapes
27.0,145.0,205.0,9.467960445,82.29335466,5.800242694,66.02765219,grapes
9.0,122.0,201.0,29.58748357,80.91934392,5.570290539,68.06417307,grapes
16.0,139.0,203.0,17.82803682,80.96093443,6.27564088,65.84748763,grapes
32.0,141.0,204.0,8.825674745,82.89753705,5.536645599,67.235765,grapes
22.0,138.0,195.0,27.83487131,83.51444973,6.208196881,73.02882766,grapes
31.0,144.0,202.0,11.02105378,80.55557235,5.870600622,68.23963161,grapes
3.0,136.0,205.0,17.5862944,80.84806564,6.334771461,71.40654520000002,grapes
28.0,122.0,197.0,19.89363946,82.73366439,5.856575335,69.66256816,grapes
4.0,136.0,204.0,29.93707596,81.77713468,5.898944282,65.52279323,grapes
39.0,145.0,201.0,36.73126647,80.58931938,5.775600435,72.24230804,grapes
38.0,132.0,197.0,20.42094753,81.54185044,5.931101816,66.93065667,grapes
36.0,133.0,198.0,25.51939719,83.98351748,6.2286454,69.17281221,grapes
25.0,121.0,201.0,30.50734778,82.71775569,5.594240602999999,70.08200379,grapes
15.0,125.0,199.0,18.426993600000007,80.55625868,5.569230319,69.75734306,grapes
24.0,140.0,205.0,12.087022,83.59398734,5.93202852,68.66813363,grapes
13.0,132.0,203.0,23.60115364,82.48336987,6.423216506,73.23901752,grapes
5.0,126.0,197.0,12.80000387,81.20876367,6.417500829,67.10439401,grapes
30.0,120.0,200.0,38.06099482,82.24729637,6.234904253,65.70148216,grapes
23.0,142.0,197.0,39.06555518,82.03812973,6.000573725,69.30772897,grapes
26.0,135.0,203.0,33.78372897,81.16314317,5.6851027689999984,74.53557341,grapes
7.0,126.0,203.0,16.76201707,82.00335557,5.662140095,73.28712806,grapes
32.0,139.0,198.0,35.89307536,82.66850729,6.358186848,66.53946559,grapes
9.0,141.0,202.0,21.01245395,81.17931863,6.119495295,66.38448261,grapes
20.0,142.0,196.0,10.89875873,80.01639435,6.207600782999999,68.69420397,grapes
32.0,129.0,201.0,16.36251869,83.00471609,6.48754639,71.55665483,grapes
3.0,134.0,199.0,20.28370163,81.32235739,5.81717753,71.06611222,grapes
38.0,138.0,204.0,25.11108456,83.25447587,6.325480034,73.01026829,grapes
14.0,131.0,198.0,33.4641162,83.86742974,5.562790949,67.92204319,grapes
20.0,122.0,204.0,11.7976469,80.86325389,6.487369687,65.06962486,grapes
40.0,126.0,201.0,11.36300891,80.03100049,6.116982944,71.18289431,grapes
36.0,128.0,204.0,25.23542319,80.68700527,5.695792761,67.03840888,grapes
11.0,132.0,197.0,15.99050693,81.23966573,5.7343170070000005,74.40198861,grapes
0.0,137.0,195.0,22.4359017,80.18612085,6.329499832000001,65.3973168,grapes
19.0,123.0,200.0,34.76086052,81.03544763,6.167013532,65.70430027,grapes
31.0,136.0,197.0,31.11047251,83.34010951,5.653776057999999,71.43001582,grapes
4.0,134.0,200.0,28.57828803,80.95628959,5.840256272,73.34232097,grapes
39.0,139.0,201.0,41.18664903,81.01783402,5.5399808120000005,68.68895899,grapes
8.0,127.0,196.0,27.02766138,83.17093908,5.833302165,70.95666003,grapes
39.0,138.0,203.0,21.19339319,82.33098331,6.399433771,74.62834921,grapes
32.0,120.0,204.0,10.38004759,83.44518113,6.138958698,67.39173790000001,grapes
12.0,142.0,203.0,31.3115978,82.56407013,5.972850837999999,65.01095312,grapes
8.0,133.0,195.0,20.46657776,80.97598029,6.456079585,71.29813872,grapes
8.0,139.0,199.0,29.36947679,81.53996362,6.3364266670000005,66.13442813,grapes
21.0,134.0,202.0,10.72302459,80.02130636,6.425419926,65.29821120000001,grapes
40.0,140.0,195.0,14.97846952,80.49979873,6.2943956760000015,71.63437433,grapes
39.0,127.0,202.0,15.3246651,81.67215994,6.477768039,71.60102999,grapes
19.0,120.0,195.0,18.73932187,81.12109244,5.931538447,73.55807954,grapes
21.0,139.0,201.0,19.3642553,83.36094029,5.980598579,67.15094741,grapes
17.0,136.0,195.0,41.20733624,81.61051026,6.389783283,65.90227462,grapes
33.0,139.0,203.0,33.34214482,82.51034633,5.693287415,70.68098614,grapes
22.0,133.0,201.0,23.81995682,80.12211649,6.00299607,67.27398640000001,grapes
32.0,130.0,196.0,40.66012294,81.24995984,6.372959542,74.03030056,grapes
37.0,135.0,205.0,11.82768186,80.2827185,5.510924848999999,74.10225057,grapes
15.0,140.0,195.0,13.28504331,83.54193816,5.69945282,65.80006004,grapes
39.0,132.0,196.0,35.83089092,83.32560104,5.778594403,73.67984885,grapes
40.0,121.0,199.0,26.18159716,81.03886263,6.315586313,66.05911698,grapes
40.0,132.0,202.0,24.57558351,80.70695797,5.9718130060000005,69.706113,grapes
29.0,142.0,203.0,29.67229086,83.71498986,5.891195653,66.48490371,grapes
32.0,121.0,199.0,39.37102553,81.25353895,6.129812716,74.08101744,grapes
6.0,140.0,205.0,17.66558428,82.92903419,6.313085601,69.8671263,grapes
8.0,120.0,196.0,24.06679352,82.66396666,6.053662544,69.81855775,grapes
34.0,133.0,202.0,15.31413469,80.09711412,5.804799142,74.82144653,grapes
35.0,135.0,199.0,21.77466746,80.54942557,6.400719746,69.39630398,grapes
16.0,145.0,199.0,26.91624843,80.76838926,5.953966361,69.30927185,grapes
8.0,136.0,201.0,41.65602996,82.22118237,5.6092559920000005,74.19664838,grapes
25.0,129.0,195.0,17.98667801,81.17712085,5.777271492000001,72.37127689,grapes
16.0,130.0,201.0,29.12033769,82.79092939,5.682395429,68.8503047,grapes
39.0,129.0,203.0,34.38922481,83.18392806,5.863996687,71.03001556,grapes
38.0,135.0,203.0,41.36106301,82.79782954,6.444373116,69.92107482,grapes
33.0,120.0,205.0,35.12158265,82.26890793,5.550832177999999,69.71518491,grapes
35.0,125.0,204.0,19.6491772,80.15215777,6.107741787999999,73.69529586,grapes
1.0,132.0,200.0,16.27852801,82.94270065,5.620745638,66.57462809,grapes
39.0,140.0,203.0,21.11903604,80.63399198,6.349875906,69.27779761,grapes
28.0,145.0,202.0,19.2077707,82.90428409999998,6.484323189,66.83113717,grapes
6.0,128.0,200.0,25.96308415,82.57813624,5.838748311,70.31782647,grapes
6.0,139.0,199.0,25.67385024,81.6212135,6.29099842,74.10919422,grapes
29.0,122.0,196.0,41.94865736,81.15595212,5.638328481,73.06862952,grapes
37.0,144.0,197.0,11.18994268,80.8084305,6.415555956,66.34234944,grapes
38.0,120.0,197.0,17.5438296,82.94703302,6.323722572,73.77063744,grapes
38.0,141.0,198.0,13.05809741,80.28297993,5.757009965,70.75633584,grapes
14.0,121.0,203.0,9.724457611,83.74765639,6.1586894060000015,74.46411148,grapes
6.0,125.0,204.0,27.92004934,82.93262435,5.7335398070000005,69.92092839,grapes
32.0,138.0,197.0,9.535585543,80.73112694,5.908724337000001,69.44115171,grapes
11.0,124.0,204.0,13.42988625,80.06633966,6.361141107000001,71.40043037,grapes
23.0,138.0,200.0,9.851242629,80.22631717,5.96537863,68.42802444,grapes
40.0,143.0,201.0,24.97256132,82.72828653,6.476757723,66.70016285,grapes
6.0,142.0,202.0,27.23708304,82.94573346,6.224542938,70.42508897,grapes
37.0,124.0,195.0,18.70679077,83.4795292,6.209928251,66.5964488,grapes
35.0,134.0,204.0,9.949929082,82.55138983,5.841138354,66.00817551,grapes
119.0,25.0,51.0,26.47330219,80.92254421,6.283818329,53.65742581,watermelon
119.0,19.0,55.0,25.18780042,83.44621709,6.818261382999999,46.87420883,watermelon
105.0,30.0,50.0,25.29954705,81.77527562,6.37620108,57.04147057,watermelon
114.0,8.0,50.0,24.74631269,88.30866319,6.581587932000001,57.95826144,watermelon
93.0,22.0,52.0,26.58740671,81.32563243,6.932739726,41.87540028,watermelon
80.0,26.0,55.0,24.53442564,88.989272,6.140099215,49.11618732,watermelon
85.0,27.0,45.0,26.0713757,88.7285657,6.467095849,57.79652846,watermelon
85.0,22.0,53.0,25.96534238,89.77076659,6.849471704,59.46338556,watermelon
82.0,22.0,45.0,26.22338015,85.34866045,6.512196212,54.60159289,watermelon
118.0,13.0,54.0,24.41311871,89.81574032,6.039584629,44.07843475,watermelon
83.0,25.0,53.0,26.49195283,80.04678201,6.057697106,57.72799157,watermelon
86.0,15.0,47.0,24.04355803,84.18406764,6.423898762,53.78929956,watermelon
101.0,10.0,47.0,25.5421695,83.31883376,6.936997681,57.57343233,watermelon
119.0,9.0,50.0,26.74550678,83.9195902,6.251286661,40.794305,watermelon
104.0,17.0,46.0,25.7131428,80.22972777,6.190015912000001,43.08961827,watermelon
95.0,12.0,51.0,25.76484262,84.17269959999999,6.681606702000001,44.22066914,watermelon
102.0,14.0,52.0,26.79489868,89.64815231,6.51075991,57.74091817,watermelon
109.0,21.0,55.0,24.9004602,89.73524177,6.770278088,57.44942094,watermelon
81.0,18.0,50.0,26.80750629,88.22874955,6.429788072999999,58.79889057,watermelon
103.0,17.0,51.0,25.11189154,80.02621335,6.209888345,44.20656987,watermelon
105.0,14.0,50.0,26.2148837,87.68839820000002,6.419052193,59.65590798,watermelon
97.0,8.0,52.0,24.9103226,86.97190046,6.237861736,49.48575692,watermelon
120.0,19.0,49.0,25.79448878,84.26830701,6.762471628999998,56.45229202,watermelon
95.0,16.0,55.0,25.26931156,87.55055105,6.612847999,40.12650421,watermelon
83.0,29.0,52.0,25.76402693,87.5931128,6.704688865,46.05122728,watermelon
83.0,9.0,45.0,25.85483596,89.13163965,6.049609892,46.85176955,watermelon
91.0,21.0,50.0,24.33528185,81.44030363,6.762030215,48.32113628,watermelon
116.0,5.0,54.0,25.37601283,80.99313508,6.65398725,57.23028471,watermelon
112.0,28.0,54.0,24.86094646,85.05318563,6.738030547,55.29563514,watermelon
88.0,29.0,51.0,24.71885473,88.94568335,6.095689937,48.45978627,watermelon
118.0,15.0,45.0,24.21495706,84.20576992,6.538006356,48.01138482,watermelon
92.0,21.0,48.0,25.81692236,82.043255,6.377427122,54.82963379,watermelon
106.0,14.0,45.0,24.47018505,84.16390229,6.417011754,57.26773002,watermelon
99.0,5.0,47.0,24.13078816,84.84494575,6.649086972,51.19470197,watermelon
98.0,8.0,51.0,26.1793464,86.52258079,6.25933595,49.43050977,watermelon
108.0,22.0,46.0,26.17668721,86.72952049999998,6.121168559,53.33484977,watermelon
119.0,7.0,55.0,26.03867719,84.6378378,6.031424482,44.3993381,watermelon
117.0,27.0,48.0,26.53259325,82.39053979,6.835268183999999,54.30660782,watermelon
109.0,10.0,53.0,26.81938687,87.8274604,6.5517503060000015,46.06193778,watermelon
80.0,16.0,46.0,25.50405534,81.40297428,6.940236218,48.47833278,watermelon
100.0,18.0,52.0,26.20234499,80.38266489,6.87606733,56.47941847,watermelon
91.0,7.0,53.0,25.13735887,89.28272716,6.457216535,43.52897517,watermelon
86.0,6.0,53.0,25.92030221,83.47202566,6.921847887999999,42.10681516,watermelon
107.0,5.0,52.0,26.6634609,89.98405233,6.8814257460000015,57.40847165,watermelon
103.0,16.0,49.0,24.06731461,81.64075303,6.915717008,51.75212401,watermelon
101.0,20.0,48.0,24.6774157,82.75411437,6.206247493999999,57.05709413,watermelon
85.0,25.0,47.0,26.11440416,87.64081095,6.29542477,58.48160844,watermelon
84.0,7.0,51.0,26.81530456,87.65694462,6.399669044,55.74073582,watermelon
102.0,28.0,54.0,25.15623099,80.27525115,6.862157042000001,55.49541453,watermelon
98.0,25.0,52.0,25.2801372,83.15393658,6.224066378,49.29456609,watermelon
97.0,25.0,50.0,26.22005978,80.90127035,6.093814669,49.08553937,watermelon
90.0,16.0,45.0,24.92093261,80.61750795,6.291540277999999,50.55710813,watermelon
95.0,12.0,46.0,26.21667586,81.01009354,6.32281728,54.65423596,watermelon
82.0,23.0,49.0,26.81383586,87.21986949,6.873283991,51.70497792,watermelon
82.0,25.0,51.0,24.31334971,87.47409052,6.074209622000001,48.11248366,watermelon
110.0,28.0,46.0,24.29105004,88.04541346,6.49889585,51.26046418,watermelon
118.0,21.0,51.0,24.42998931,86.33904774,6.678805092,48.58241822,watermelon
120.0,20.0,45.0,25.66576039,88.6984228,6.114128685,54.22722466,watermelon
91.0,7.0,52.0,25.07803672,83.46230461,6.405054243,56.39962921,watermelon
81.0,6.0,55.0,24.88910524,85.87059083,6.110142735,51.70699144,watermelon
101.0,13.0,54.0,25.42900869,82.91481799,6.828982708,56.34144589,watermelon
101.0,17.0,55.0,24.37118217,87.1269128,6.451499763999999,44.63907691,watermelon
111.0,6.0,53.0,26.493064500000006,88.59143088,6.313512998999999,46.06382209,watermelon
107.0,10.0,49.0,25.83202912,89.00481725,6.755192025,45.24690619,watermelon
115.0,11.0,46.0,24.41592661,89.39655519,6.623167177000001,40.32161859,watermelon
84.0,25.0,52.0,24.37190239,81.2514818,6.12532356,44.20899581,watermelon
120.0,7.0,47.0,24.24782473,83.03687902,6.653867608,54.76576239999999,watermelon
91.0,12.0,46.0,24.64458469,85.49938185,6.343942518,48.31219031,watermelon
89.0,22.0,52.0,24.89681131,86.10782926,6.217300786,53.14626213,watermelon
113.0,19.0,46.0,25.41864024,81.12122989,6.286387658,49.52320689,watermelon
97.0,22.0,50.0,26.26028739,86.14585891,6.769893799999998,58.97878791,watermelon
117.0,30.0,50.0,24.90123934,87.20772913,6.744966312000001,46.59207341,watermelon
90.0,14.0,52.0,24.84740848,89.20454622,6.391858432,59.67927244,watermelon
104.0,23.0,47.0,26.98212846,86.70068316,6.770434148,42.91292205,watermelon
81.0,16.0,45.0,26.90435747,86.25426228,6.727468157000001,59.75980023,watermelon
88.0,5.0,47.0,25.86475496,86.67468041,6.662244646,41.16554802,watermelon
92.0,7.0,45.0,26.70607759,81.14149505,6.944640222,51.51033554,watermelon
81.0,18.0,50.0,26.44019475,80.91934337,6.507110986,47.81847573,watermelon
111.0,5.0,55.0,26.283443,84.42478917,6.520663422,50.78669728,watermelon
108.0,23.0,51.0,26.84366082,83.85039964,6.106500787000001,40.228644,watermelon
113.0,30.0,50.0,26.03967219,83.9862443,6.277484042999999,43.87712348,watermelon
83.0,10.0,53.0,24.92994759,85.00802358,6.195142279,48.75859458,watermelon
101.0,11.0,51.0,25.50736962,84.24340241,6.792035575,44.2068997,watermelon
114.0,21.0,55.0,25.4438391,87.93923120000002,6.472756256,57.51549686,watermelon
99.0,6.0,45.0,26.12588914,86.5507939,6.000975617000001,40.71210074,watermelon
92.0,20.0,55.0,25.10474753,87.52676159999999,6.5877912620000005,59.26519444,watermelon
92.0,7.0,48.0,26.27520631,86.63249555,6.956508826,54.38748495,watermelon
91.0,24.0,55.0,26.27061608,83.09194521,6.259086582999999,46.76837499,watermelon
110.0,21.0,54.0,26.73690828,87.82430156,6.747537642,47.46447019,watermelon
112.0,25.0,51.0,25.04746944,85.5667282,6.932537231,56.72496677,watermelon
89.0,25.0,54.0,24.69368934,85.56967628,6.353107392999999,48.99390828,watermelon
100.0,10.0,53.0,24.54356968,84.60808277,6.211748957,42.00660251,watermelon
83.0,22.0,54.0,25.89762315,81.96664832,6.277245253999999,54.49960057,watermelon
95.0,14.0,50.0,26.6333118,84.31756844,6.560443519,56.31866159,watermelon
119.0,30.0,49.0,25.35794749,80.45846265,6.903020221,47.72078245,watermelon
97.0,12.0,47.0,25.28784623,89.63667876,6.765094963999998,58.28697664,watermelon
110.0,7.0,45.0,26.63838589,84.69546874,6.189213927000001,48.32428609,watermelon
96.0,18.0,50.0,25.3310446,84.30533791,6.904241707000001,41.53218699,watermelon
83.0,23.0,55.0,26.89750174,83.89241484,6.463271076,43.97193745,watermelon
120.0,24.0,47.0,26.98603693,89.4138489,6.260838965,58.54876687,watermelon
115.0,17.0,55.0,27.57826922,94.11878202,6.776533055,28.08253201,muskmelon
114.0,27.0,48.0,27.82054812,93.03555162,6.528404377999999,26.32405487,muskmelon
101.0,25.0,52.0,29.09910406,94.22237826,6.750145572,22.52497327,muskmelon
118.0,18.0,52.0,28.04943594,90.83130708,6.562832807,20.76223014,muskmelon
95.0,26.0,45.0,29.91690582,94.55695552,6.117530021,28.16057247,muskmelon
81.0,25.0,49.0,29.86895762,93.25103208,6.076459669,26.26243014,muskmelon
117.0,24.0,53.0,29.17220859,92.21405224,6.293486295,21.30290472,muskmelon
114.0,30.0,51.0,29.24908541,90.06998135,6.069171847000001,25.93496537,muskmelon
113.0,6.0,52.0,27.76317235,90.35567642,6.740983646,25.21609113,muskmelon
108.0,26.0,52.0,28.82629037,94.26765349,6.201797639,26.23838511,muskmelon
81.0,30.0,48.0,28.52379742,92.09688432,6.041027474,29.86681385,muskmelon
115.0,9.0,52.0,29.06785065,90.97685539,6.019372459,29.1194739,muskmelon
83.0,7.0,45.0,29.08417927,90.73891887,6.704104127000001,25.33014238,muskmelon
84.0,21.0,55.0,28.47090661,94.79453182,6.494251024,21.08484101,muskmelon
109.0,26.0,45.0,28.27973674,90.38971208,6.224535448999998,21.58992507,muskmelon
95.0,27.0,55.0,28.47212559,91.21322065,6.160414414,20.88620369,muskmelon
119.0,5.0,55.0,29.68846716,94.30111601,6.168757984,26.83924845,muskmelon
110.0,14.0,51.0,27.02415146,91.66737633,6.085444691,21.26034986,muskmelon
82.0,18.0,48.0,29.09588297,94.16748386,6.1590508160000015,26.70581328,muskmelon
87.0,14.0,48.0,29.69238699,92.58862544,6.606033244,29.1102594,muskmelon
85.0,9.0,53.0,28.20619412,92.86798698,6.447662945,28.78654515,muskmelon
100.0,6.0,53.0,29.05248036,93.92217834,6.105909623,23.66620626,muskmelon
107.0,12.0,46.0,29.57240298,93.61870344,6.559763394,27.56918621,muskmelon
91.0,13.0,47.0,29.10968327,92.43510994,6.14410903,27.95602304,muskmelon
102.0,25.0,50.0,28.20480805,92.91440379,6.099662369,20.36001144,muskmelon
117.0,25.0,53.0,29.11858526,92.12543021,6.413927319,24.52020164,muskmelon
85.0,21.0,52.0,29.62800691,90.10051615,6.0751441160000015,23.69586761,muskmelon
104.0,25.0,55.0,29.81196601,90.36881284,6.123802502,22.68766503,muskmelon
102.0,24.0,54.0,27.72338349,90.93897939,6.698468621,22.81863447,muskmelon
116.0,25.0,50.0,29.26092798,92.92367701,6.088885814,28.70627683,muskmelon
100.0,17.0,48.0,29.72791119,94.29753295,6.367800632000001,26.52364146,muskmelon
110.0,25.0,54.0,28.91105641,90.78413842,6.425930938,23.44398467,muskmelon
104.0,25.0,51.0,28.96361426,93.88482153,6.469983276000002,23.56130173,muskmelon
107.0,11.0,54.0,28.59052369,91.33617236,6.094016337999999,29.44008034,muskmelon
98.0,26.0,52.0,27.33897716,90.69759008,6.150090898999999,28.69113835,muskmelon
88.0,17.0,52.0,29.90415889,90.75284363,6.646962425,25.37828397,muskmelon
87.0,25.0,46.0,27.42711692,90.02696201,6.379690748,21.7508774,muskmelon
120.0,8.0,46.0,29.55657523,90.70937262,6.732834334,28.36535596,muskmelon
95.0,13.0,46.0,29.84070774,93.76312893,6.126019932,23.28207838,muskmelon
108.0,22.0,47.0,28.53545677,91.72742702,6.161123579,25.1290048,muskmelon
82.0,13.0,52.0,27.11535046,94.86907886,6.442810053,26.51924782,muskmelon
120.0,23.0,55.0,27.84492803,91.60666594,6.732049075,26.47844429,muskmelon
110.0,22.0,47.0,29.03157242,91.82172592,6.243673725,24.93861254,muskmelon
95.0,23.0,45.0,27.82424457,90.56698742,6.266208727,21.19014526,muskmelon
106.0,10.0,49.0,27.72653142,92.00687531,6.350623739,20.21126747,muskmelon
99.0,12.0,52.0,28.69708334,94.30759855,6.002927293,22.21807088,muskmelon
106.0,20.0,51.0,29.73019662,90.97015715,6.342573112,20.49035619,muskmelon
83.0,11.0,53.0,29.54097171,92.91778307,6.163921247999999,21.9653077,muskmelon
117.0,19.0,55.0,28.80311922,91.78336933,6.121745389,25.16359891,muskmelon
98.0,26.0,49.0,27.29035669,90.53330091,6.130160472999999,23.49535234,muskmelon
113.0,20.0,48.0,27.46583649,94.87679041,6.440584681,27.27899847,muskmelon
101.0,17.0,47.0,29.49401389,94.72981338,6.185053234,26.30820876,muskmelon
98.0,7.0,45.0,27.79161808,92.51054946,6.157724816,26.85422624,muskmelon
93.0,22.0,48.0,29.12533739,91.52291141,6.776987974,21.90440445,muskmelon
95.0,21.0,47.0,27.93114233,93.56161439,6.431970877,20.66127836,muskmelon
109.0,12.0,48.0,29.45771748,92.12534736,6.708743843,20.76212031,muskmelon
118.0,12.0,47.0,27.96872279,92.17444796,6.010739645,28.94766949,muskmelon
100.0,14.0,49.0,29.48882958,91.07574233,6.365956657999999,26.01909355,muskmelon
89.0,9.0,47.0,29.47156259,90.77069618,6.6683827660000015,28.75226067,muskmelon
95.0,16.0,46.0,27.076726500000003,90.14362622,6.74669542,24.4514648,muskmelon
95.0,7.0,45.0,27.30008597,90.80015308,6.031665834,25.09484511,muskmelon
87.0,6.0,45.0,29.82729394,90.79007335,6.40077205,22.84203589,muskmelon
93.0,20.0,50.0,29.93061247,93.22980899,6.448792688999999,24.34814338,muskmelon
84.0,29.0,49.0,29.94349168,93.90741192,6.251420275,20.39020503,muskmelon
111.0,5.0,47.0,28.03306461,91.47355778,6.2744528110000015,21.17924769,muskmelon
111.0,5.0,52.0,29.8843055,94.0371147,6.135996372,21.0000988,muskmelon
111.0,15.0,54.0,27.7058373,92.91185695,6.194090172,22.06207161,muskmelon
89.0,11.0,47.0,29.78714005,94.65343534,6.327822962000001,27.8659442,muskmelon
110.0,15.0,48.0,28.57819995,92.86597437,6.2125672110000005,27.598717800000006,muskmelon
95.0,30.0,52.0,29.48069921,90.33698678,6.640470862999999,26.0365768,muskmelon
115.0,12.0,52.0,27.51492243,94.96218673,6.685553129,21.01796432,muskmelon
120.0,25.0,50.0,28.05457761,94.81637388,6.327210469,21.84869328,muskmelon
102.0,11.0,45.0,29.03167341,93.12603235,6.35544263,24.15591199,muskmelon
94.0,5.0,55.0,28.5854649,91.89216849,6.085682343999999,26.88372572,muskmelon
84.0,18.0,46.0,27.08808014,93.42402083,6.781050372999999,25.32159689,muskmelon
107.0,22.0,54.0,27.99611732,90.84660317,6.630301421,21.61893763,muskmelon
80.0,18.0,52.0,27.87317436,91.14849627,6.484799661,24.05207925,muskmelon
86.0,18.0,45.0,28.96586565,90.71832938,6.566759102000001,22.25838137,muskmelon
113.0,28.0,48.0,28.87726019,92.48839665,6.170520517999999,24.44267592,muskmelon
115.0,18.0,53.0,29.17052093,94.19790371,6.0124803510000016,22.06994464,muskmelon
82.0,20.0,54.0,29.34033587,90.01506395,6.541150335,21.44532907,muskmelon
98.0,22.0,47.0,29.07265321,91.91533173,6.341400922,28.83568362,muskmelon
117.0,25.0,54.0,28.68275966,92.50969311,6.150686363999999,29.11187663,muskmelon
83.0,15.0,49.0,28.92705913,91.39356832,6.438008152999999,23.20076686,muskmelon
120.0,16.0,51.0,27.99901833,91.64193051,6.547041902999999,23.28618248,muskmelon
111.0,5.0,50.0,27.59350075,91.79742953,6.399891457000001,24.84266123,muskmelon
85.0,21.0,47.0,29.87331077,90.60932469,6.186770318,24.69720481,muskmelon
90.0,23.0,54.0,28.55852465,90.45773041,6.159020864,27.26588346,muskmelon
99.0,29.0,55.0,29.19378695,91.46241065,6.660954816,26.48240255,muskmelon
102.0,11.0,47.0,27.98780984,92.78226196,6.504906978999999,27.14509034,muskmelon
80.0,18.0,51.0,28.05380704,91.81758779,6.706053225,20.76582087,muskmelon
87.0,21.0,52.0,27.350629600000005,94.29119509999998,6.067665497999999,27.21244021,muskmelon
114.0,8.0,52.0,29.34081108,94.5513539,6.419083092,28.22908103,muskmelon
99.0,6.0,46.0,28.61475136,94.22253035,6.39637861,28.98574189,muskmelon
89.0,25.0,50.0,27.04863538,91.34685096,6.375923383,25.08146686,muskmelon
96.0,13.0,55.0,29.5275305,94.57459443,6.700337732,21.13545688,muskmelon
82.0,26.0,47.0,28.50416396,93.46806467,6.565312652999999,24.20007242,muskmelon
106.0,21.0,52.0,28.89578588,94.78993038,6.286515359,23.0362503,muskmelon
90.0,15.0,52.0,27.04927452,91.3821731,6.448061578,23.65747461,muskmelon
106.0,16.0,54.0,28.96017885,91.69532178,6.585872508,24.7458198,muskmelon
24.0,128.0,196.0,22.75088787,90.69489172,5.521466996,110.4317855,apple
7.0,144.0,197.0,23.8494014,94.34814995,6.133220586,114.0512495,apple
14.0,128.0,205.0,22.60800988,94.58900601,6.226289556,116.0396587,apple
8.0,120.0,201.0,21.18667419,91.13435689,6.321152192,122.233323,apple
20.0,129.0,201.0,23.41044706,91.69913296,5.587905967,116.07779309999998,apple
32.0,137.0,204.0,22.86006627,93.12859895,5.824151692999999,117.7296726,apple
27.0,139.0,205.0,22.48403042,93.40819246,5.7721799460000005,105.5473627,apple
0.0,123.0,205.0,22.02775403,92.96129462,5.790993052,121.1349176,apple
22.0,144.0,196.0,21.91191314,91.68748063,6.4992268210000015,117.0761277,apple
1.0,124.0,199.0,23.71059131,93.27392415,5.658473817000001,112.66765890000002,apple
30.0,122.0,197.0,21.37784654,92.72043743,5.573241391,106.1417017,apple
29.0,121.0,196.0,22.84852833,94.32130209,6.079497202000001,123.5977843,apple
13.0,126.0,204.0,23.1094265,92.79630809,6.3831802710000005,108.183792,apple
9.0,139.0,199.0,23.25230817,94.54128292,5.867420996,105.3558408,apple
0.0,133.0,200.0,23.67287749,90.4935574,5.708418722,104.2298028,apple
30.0,143.0,199.0,23.76881552,90.59810302,5.7983508000000015,102.2648546,apple
36.0,140.0,198.0,23.34386401,91.47684705,6.28188384,104.4267991,apple
37.0,137.0,199.0,22.63946441,90.18451645,5.697945522,108.3405879,apple
33.0,121.0,203.0,22.45696744,94.76285385,5.6059340870000005,114.8407725,apple
7.0,144.0,195.0,22.96388477,93.58065995,5.85648105,104.64729859999998,apple
35.0,128.0,205.0,21.07273439,93.56585985,6.041053829,107.8737015,apple
29.0,128.0,198.0,22.44075021,92.70785115,5.685062404,121.4977331,apple
2.0,143.0,196.0,22.71271308,90.45261746,5.669489065,109.8852597,apple
34.0,140.0,198.0,21.70416965,93.44006288,5.751707342,115.1781396,apple
29.0,144.0,204.0,22.43324518,92.48667725,5.800448951,119.1025189,apple
32.0,141.0,203.0,21.25941052,92.84416234,5.821347769,109.06584709999998,apple
13.0,144.0,197.0,22.9215706,94.89613443,6.28022267,105.6941544,apple
25.0,143.0,198.0,22.81212536,91.51861705,6.027314401,107.855225,apple
9.0,137.0,200.0,21.12152071,90.6878768,5.636687393,102.8017203,apple
6.0,144.0,198.0,21.11478672,90.31528693,5.559363609,104.5086618,apple
37.0,126.0,196.0,23.59997268,90.97597665,5.596449493,107.17281909999998,apple
2.0,120.0,203.0,23.12652652,94.71203306,5.893492998999999,108.62118329999998,apple
11.0,143.0,197.0,22.98458907,93.3204487,5.875718516,122.1952483,apple
10.0,141.0,201.0,22.12659387,90.97818277,6.386021424,104.5412275,apple
24.0,142.0,202.0,22.53779727,91.48135786,5.710819862,101.8474768,apple
23.0,138.0,195.0,22.49095104,91.70292746,5.7959857160000015,124.3915101,apple
18.0,125.0,204.0,22.35548159,94.47811755,6.046673619,116.7366261,apple
13.0,121.0,196.0,22.20700989,93.50574163,6.443382913,120.1593771,apple
26.0,122.0,202.0,22.44516988,94.73763514,5.617227184,107.1843273,apple
28.0,123.0,202.0,22.76643029,92.12438519,6.442289294,120.4359949,apple
26.0,121.0,201.0,22.19109412,90.02575116,6.162034371,112.3126628,apple
21.0,137.0,196.0,23.6119202,91.70293849,5.812781806,123.5900822,apple
21.0,135.0,198.0,23.86087054,94.92048112,5.7650151260000015,105.0241329,apple
5.0,144.0,205.0,21.42177231,92.62665309,6.184922574,102.8045658,apple
2.0,123.0,205.0,22.36629253,90.78572467,5.739652177000001,124.9831618,apple
15.0,133.0,199.0,23.99686172,91.61001707,5.8247786360000005,117.6102915,apple
31.0,130.0,198.0,21.80129837,92.73446667,5.554823557000001,120.05866709999998,apple
25.0,143.0,200.0,23.80436344,92.80441624,6.024248787,100.6192543,apple
16.0,143.0,204.0,23.71475278,91.53331177,5.631333387000001,121.8961665,apple
19.0,122.0,202.0,23.34467359,90.37981478,5.811975094,112.8954016,apple
10.0,125.0,196.0,22.31253665,90.03577124,5.730557448,113.0688155,apple
20.0,139.0,202.0,23.50201428,92.21083961,5.66999105,107.9868949,apple
28.0,123.0,198.0,23.46260321,91.45665004,5.682751473,111.7763395,apple
28.0,136.0,200.0,23.06204373,92.39544055,6.245858905,114.7399101,apple
2.0,131.0,199.0,22.47420512,91.22759742,6.017370134,124.2179699,apple
2.0,140.0,197.0,22.69780133,92.82223419,5.53456749,105.0508234,apple
27.0,138.0,201.0,23.66682067,93.90191078,5.952367662,105.4004751,apple
30.0,127.0,204.0,22.50050273,92.45878335,6.126436584,100.9343903,apple
32.0,145.0,203.0,23.83053666,90.84422164,6.406818518,109.5966791,apple
29.0,139.0,205.0,23.64142354,93.74461474,6.155939452999999,116.6912176,apple
26.0,126.0,195.0,21.41363812,92.99124545,5.878568981,118.3979065,apple
40.0,136.0,202.0,22.85267372,94.57645809999998,5.935336307999999,117.53140259999998,apple
6.0,124.0,200.0,22.98208095,93.84505029,5.971332179,109.5852253,apple
35.0,138.0,200.0,21.19909519,90.80819418,5.67130617,103.6838922,apple
17.0,136.0,196.0,23.87192332,90.49939035,5.882155987999999,103.0548094,apple
33.0,134.0,205.0,21.0365275,94.33919546,6.08551916,114.7412734,apple
16.0,143.0,197.0,22.61711614,93.51978375,5.90402645,116.9256766,apple
27.0,120.0,200.0,21.45278675,90.74531921,6.1102188260000005,116.7036582,apple
29.0,145.0,205.0,22.81227579,92.12992101,6.212302608,109.3383552,apple
3.0,141.0,197.0,21.98141856,91.12719303,6.142803397000001,115.4789148,apple
15.0,123.0,204.0,22.52709326,92.54780429,6.365972687999999,115.3830068,apple
5.0,136.0,195.0,22.35628673,91.92360477,6.264202804,107.7697413,apple
10.0,136.0,204.0,21.19852186,92.15595143,6.276198595,105.8554351,apple
7.0,141.0,195.0,23.8812458,93.45067555,5.514253142,104.9116663,apple
2.0,129.0,201.0,22.78234161,94.36803516,5.682343744,122.1449949,apple
29.0,138.0,197.0,22.19055385,92.43764169,5.830892252000001,121.6622761,apple
30.0,137.0,200.0,22.91430043,90.70475565,5.603413172000001,118.6044645,apple
29.0,132.0,204.0,23.08950736,90.22507299,6.0967531,108.2166601,apple
14.0,139.0,197.0,21.72484506,92.83975602,6.056529526,121.6961761,apple
18.0,125.0,203.0,22.44307715,91.59234006,6.160267496,102.5565807,apple
33.0,143.0,204.0,21.1316077,91.95769858,5.814434775,122.5391946,apple
40.0,144.0,196.0,22.71750705,92.25479855,5.987262638,107.0289866,apple
9.0,143.0,197.0,23.75033085,92.88160462,5.570020684,117.6602827,apple
38.0,135.0,203.0,23.76121837,93.661643,5.9655513110000005,100.825956,apple
28.0,130.0,196.0,22.13450646,94.67695747,6.062356467000001,112.9203223,apple
35.0,142.0,203.0,21.17089176,90.23730166,5.895319002000001,123.6495149,apple
12.0,129.0,205.0,22.36238282,91.15761594,6.119432215,118.68327250000002,apple
1.0,135.0,203.0,22.77856513,92.70124029,5.624203283,113.7759219,apple
0.0,145.0,205.0,21.22503442,90.09877774,5.52078314,113.9760462,apple
31.0,121.0,201.0,23.15791104,90.34396882,5.731535257999999,110.712841,apple
35.0,131.0,203.0,22.42776057,93.91722423,5.893490899,102.7230739,apple
29.0,140.0,195.0,23.64082979,90.95257927,5.560521058,116.7431319,apple
33.0,138.0,198.0,22.29423493,90.69033986,6.222390797999999,122.7418744,apple
14.0,140.0,197.0,23.35225078,90.90054697,6.071255131,113.0381382,apple
35.0,145.0,195.0,22.03911546,94.58075845,6.231950009,110.9804014,apple
40.0,120.0,197.0,23.80593812,92.48879468,5.889480679,119.6335548,apple
25.0,132.0,198.0,22.31944084,90.85174383,5.732757516,100.1173443,apple
31.0,137.0,196.0,22.14464104,93.82567435,6.400321212000001,120.6310784,apple
36.0,144.0,196.0,23.65167552,94.50528753,6.496934492,115.3611268,apple
10.0,140.0,197.0,22.16939473,90.27185592,6.229498836,124.4683112,apple
22.0,30.0,12.0,15.78144173,92.51077745,6.354006743999999,119.035002,orange
37.0,6.0,13.0,26.03097313,91.50819306,7.511755067999999,101.2847738,orange
27.0,13.0,6.0,13.36050601,91.35608208,7.335158382,111.2266885,orange
7.0,16.0,9.0,18.87957654,92.04304496,7.813916602999999,114.6659511,orange
20.0,7.0,9.0,29.47741671,91.57802915,7.1291369410000005,111.1727497,orange
26.0,27.0,10.0,28.06903173,92.91487288,6.079998496,114.1339416,orange
5.0,23.0,15.0,25.66901098,92.04670813,7.408939392000001,112.5424199,orange
0.0,18.0,14.0,29.77149434,92.00719952,7.207991261,114.41617859999998,orange
39.0,24.0,14.0,30.55472573,90.90343769,7.189259647,106.0711985,orange
13.0,23.0,6.0,23.96147583,90.26408017,7.365338111,102.6958703,orange
21.0,17.0,15.0,23.98289638,91.5473145,7.455991072000001,118.4901697,orange
33.0,12.0,8.0,25.26052689,90.31153735,6.822282114,117.36952959999998,orange
6.0,9.0,12.0,31.08368929,90.14362642,7.028746406000002,109.6894658,orange
19.0,7.0,10.0,14.78003032,91.22062116,6.118430299,100.1961762,orange
24.0,18.0,6.0,26.56608303,94.45239715,6.285312759,116.3796525,orange
9.0,11.0,8.0,24.85903405,94.39000473,6.559236744,111.78037340000002,orange
31.0,8.0,7.0,34.51465139,93.63812684,7.163245982,103.5684926,orange
22.0,17.0,5.0,24.12188673,90.72351622,6.945562889,102.835632,orange
13.0,5.0,8.0,23.85340379,90.10522549,7.474710503,103.923226,orange
16.0,8.0,9.0,24.60297538,91.28408653,7.601189842999999,111.2948115,orange
4.0,13.0,6.0,15.63211033,94.25966183,7.5611432239999985,101.4705704,orange
0.0,25.0,14.0,19.33516809,91.97978938,6.361671475,116.450422,orange
8.0,7.0,10.0,28.2620488,91.98317355,6.929216014,105.2132259,orange
4.0,23.0,5.0,22.67594476,93.36348717,7.477935216,110.3332655,orange
33.0,14.0,8.0,21.03200078,92.9641969,7.684420446,110.6823944,orange
30.0,7.0,15.0,33.23453301,91.06053924,7.825531916,115.7659902,orange
21.0,29.0,12.0,22.30318989,92.15987039,6.438668989,117.3688104,orange
11.0,14.0,5.0,11.50322938,94.8933184,6.946354724,115.56837759999998,orange
9.0,8.0,15.0,14.34320488,94.35734702,7.994465371,110.22231229999998,orange
5.0,18.0,14.0,33.105698100000005,93.48447453,7.434118807000001,119.1709113,orange
29.0,25.0,14.0,30.49183837,90.4582865,7.781988584,113.3302105,orange
33.0,12.0,15.0,30.25578031,92.03272799,6.052318465,116.7173125,orange
8.0,16.0,6.0,12.22816189,90.26457428,7.106650373,108.4161706,orange
15.0,14.0,8.0,10.01081312,90.22399223,6.22094286,119.3941064,orange
16.0,7.0,8.0,22.79196751,90.60901895,6.420457311,116.5084074,orange
0.0,12.0,7.0,20.18432263,90.65458473,6.969249676,116.8130969,orange
5.0,25.0,6.0,30.72119881,94.01331956,6.0113021810000005,106.8118019,orange
6.0,8.0,11.0,24.35590861,92.39651663,6.600948787999999,119.6946577,orange
10.0,5.0,5.0,21.21306973,91.35349216,7.817846496,112.9834361,orange
1.0,17.0,6.0,10.78689755,91.38411917,6.8198271,117.5293447,orange
1.0,30.0,10.0,11.89925671,91.34663797,7.291405641,103.5771468,orange
0.0,23.0,15.0,22.56664172,93.37488907,7.598729065,109.8585753,orange
24.0,27.0,9.0,18.86883219,93.24688124,6.157135092000001,119.3936976,orange
36.0,11.0,13.0,17.34083741,93.04897191,7.1917274,112.7194284,orange
40.0,21.0,8.0,34.90665289,92.87820148,7.418761774,102.1906333,orange
40.0,22.0,6.0,24.53610067,91.90997228,6.488221135,115.9787989,orange
32.0,18.0,13.0,13.8377282,91.74780462,6.044167236,107.9873218,orange
9.0,10.0,10.0,22.3551049,93.52211892,6.010391864,101.5164589,orange
13.0,16.0,8.0,34.74004942,93.12316972,6.949838549,100.1967854,orange
15.0,9.0,11.0,11.54785707,94.14861001,7.907956251,108.82891709999998,orange
29.0,11.0,5.0,23.13338811,91.94670335,7.639788459,104.4224145,orange
1.0,15.0,9.0,29.98364695,94.55239717,7.53350946,115.3560318,orange
18.0,5.0,11.0,20.87947369,90.93756231,6.251586885,102.4550786,orange
14.0,22.0,9.0,17.24944623,91.13772765,6.543191814,112.50905159999998,orange
33.0,15.0,7.0,15.83388699,91.68293851,7.651225301,109.7571416,orange
4.0,6.0,7.0,23.01014302,91.11764246,6.708889665,112.6738296,orange
17.0,16.0,14.0,16.39624284,92.18151927,6.625538653,102.944161,orange
12.0,20.0,10.0,24.45132792,93.10527686,6.528354932,109.4711098,orange
34.0,29.0,8.0,31.87859192,91.15248149,6.450640306,105.3437825,orange
39.0,28.0,10.0,31.34920143,91.48247612,7.181907673,109.1549823,orange
31.0,25.0,12.0,18.05142392,90.03969587,7.016482298,111.7793889,orange
12.0,6.0,8.0,30.84835031,92.86773675,6.388617138,107.4142681,orange
12.0,29.0,13.0,22.45616931,91.52781832,7.57125447,118.0069295,orange
26.0,11.0,11.0,13.70319166,90.95589386,7.609348255,106.2944879,orange
19.0,24.0,15.0,20.48954522,93.72485075,7.137136973,111.83919509999998,orange
39.0,21.0,9.0,13.20844373,94.02769434,6.354022554,106.2696156,orange
16.0,29.0,13.0,32.31944397,93.67804556,6.196907944,117.6236473,orange
36.0,29.0,13.0,20.68185224,90.91510525,7.829507245,109.7513927,orange
37.0,23.0,12.0,31.52675982,90.50621806,6.395258356,113.1169398,orange
39.0,9.0,15.0,25.35467646,91.81183218,7.992041984,116.7555937,orange
31.0,5.0,14.0,17.66545409,91.69865887,6.583411671,110.6857506,orange
18.0,12.0,8.0,12.59093977,91.81668769,6.206053072,119.39167179999998,orange
20.0,20.0,10.0,11.86631922,93.68394562,6.976997772000001,106.060149,orange
5.0,8.0,5.0,11.03367937,92.22706805,6.562594972,112.7715925,orange
20.0,8.0,12.0,25.2990432,94.96419851,7.260416405,117.9733424,orange
25.0,21.0,11.0,32.23797837,90.15406807,6.460044777999999,104.7052254,orange
14.0,19.0,14.0,17.68408797,94.35815354,6.699164936,108.0638166,orange
37.0,18.0,12.0,10.2708877,90.19147747,7.401121811,106.69552040000002,orange
26.0,15.0,6.0,17.22034507,94.78797376,6.912033409,108.0054343,orange
13.0,22.0,5.0,19.667056,90.50096668,7.764040111,100.1737964,orange
32.0,25.0,9.0,10.35609594,93.75652041,7.796034006,101.1456947,orange
19.0,7.0,9.0,27.255435,91.71369387,6.969883482999999,101.139435,orange
28.0,7.0,9.0,34.591784600000004,92.13229786,6.730757538,115.5650287,orange
24.0,30.0,11.0,32.39523995,94.51768464,6.601395755,113.25373,orange
7.0,17.0,10.0,10.16431299,91.22320999,6.465913274,106.362551,orange
18.0,23.0,8.0,21.49118657,93.43949693,6.41354791,101.4819888,orange
7.0,20.0,12.0,16.53460397,94.76759975,6.475275337,110.0447896,orange
20.0,23.0,11.0,31.852069399999998,90.12220323,6.407715561,109.9455062,orange
18.0,14.0,11.0,28.04799508,90.00621688,6.550814117000001,117.1311498,orange
34.0,11.0,10.0,31.75048899,94.59551226,7.36220835,115.1989301,orange
20.0,29.0,10.0,29.07412717,93.27189064,7.36549204,100.7896871,orange
37.0,24.0,13.0,19.14381903,90.71037456,7.8546243,108.0230792,orange
12.0,8.0,10.0,16.14820285,91.4448027,7.995848977,107.4287664,orange
34.0,10.0,14.0,34.05296914,92.05811721,6.725600855,116.8020848,orange
6.0,13.0,9.0,34.51423957,90.56151463,7.786725333,118.32719679999998,orange
27.0,30.0,5.0,32.71748548,90.54608254,7.656978112000001,113.328978,orange
13.0,8.0,12.0,25.16296632,92.54736032,7.105904818,114.3117197,orange
6.0,7.0,7.0,27.68167318,94.47316879,7.199106204,113.9995146,orange
40.0,17.0,15.0,21.35093384,90.9492967,7.871063004,107.0862095,orange
31.0,26.0,9.0,11.69894639,93.25638873,7.566165721,103.2005992,orange
61.0,68.0,50.0,35.21462816,91.49725058,6.7932454170000005,243.0745066,papaya
58.0,46.0,45.0,42.39413392,90.79028064,6.576261427,88.46607497,papaya
45.0,47.0,55.0,38.4191628,91.14220381,6.751452932,119.2653877,papaya
39.0,65.0,53.0,35.33294932,92.11508608,6.560743092999999,235.6133585,papaya
31.0,68.0,45.0,42.92325255,90.07600528,6.938313356,196.2408242,papaya
70.0,68.0,45.0,33.83508569,92.85470152,6.991626158,203.4044028,papaya
68.0,62.0,50.0,33.20258348,92.76437927,6.977700268,197.5282582,papaya
34.0,65.0,47.0,23.48546973,93.71043692,6.833768535,191.7760562,papaya
38.0,68.0,54.0,29.33710543,90.81781439,6.739170045,202.0572747,papaya
69.0,64.0,47.0,40.21199348,94.50766912,6.993473247000001,186.6762324,papaya
58.0,51.0,47.0,42.13473976,91.70445386,6.757470637000001,197.402901,papaya
59.0,47.0,53.0,32.86316618,91.4618874,6.8506632320000005,47.271547,papaya
44.0,64.0,54.0,29.80744318,91.38048469,6.74274935,232.7046126,papaya
56.0,57.0,48.0,31.56213762,93.0484859,6.506120752,63.62250788,papaya
69.0,60.0,54.0,36.32268069,93.06134398,6.98992719,141.1736926,papaya
56.0,58.0,49.0,37.13165026,94.60761797,6.69215564,172.47880619999995,papaya
49.0,55.0,53.0,38.4418717,93.63739039,6.544029776,77.71566883,papaya
38.0,51.0,52.0,32.66160599,90.78931681,6.927803911,78.85085502,papaya
54.0,65.0,47.0,27.92765919,91.55594211,6.721835879,149.91075569999995,papaya
57.0,57.0,51.0,39.01793345,91.48815629,6.99223441,105.8841531,papaya
39.0,52.0,53.0,32.51247398,94.65904123,6.704204398,51.07048113,papaya
58.0,67.0,45.0,38.72382798,91.72514851,6.702424548,62.62377075,papaya
61.0,64.0,52.0,43.30204933,92.83405443,6.641098708,110.562229,papaya
34.0,62.0,55.0,27.58548913,90.72526502,6.585346229,238.5008779,papaya
31.0,48.0,45.0,40.78881819,92.90951393,6.563134737,132.7923586,papaya
47.0,46.0,52.0,23.19451074,91.40301608,6.502289472999999,206.3999208,papaya
32.0,68.0,52.0,32.68067385,92.61715632,6.800321319,248.8592986,papaya
36.0,59.0,46.0,34.28879307,93.61082872,6.721130542999999,127.2509777,papaya
61.0,51.0,51.0,39.30050027,94.16193416,6.574677594,120.9512466,papaya
70.0,54.0,46.0,39.73149053,91.12220596,6.919342407,122.7628653,papaya
44.0,56.0,49.0,39.23342464,91.25589286,6.519779582999999,64.4478499,papaya
34.0,68.0,51.0,27.34734861,94.17756725,6.687088097999999,40.35153141,papaya
50.0,59.0,47.0,40.76998685,92.09278584,6.747975732,209.8678411,papaya
39.0,70.0,52.0,26.26559543,90.79668055,6.65149129,59.49373381,papaya
34.0,61.0,49.0,28.12971499,93.3210737,6.502675132,117.8201907,papaya
44.0,60.0,55.0,34.2804607,90.55561637,6.825371185,98.54047745,papaya
31.0,62.0,52.0,33.7960155,93.00754254,6.99104104,182.026807,papaya
65.0,62.0,51.0,31.53243779,90.87394933,6.5116248410000015,207.0735119,papaya
44.0,57.0,53.0,42.30495821,90.51431779,6.93172108,74.876786,papaya
50.0,47.0,48.0,24.63676897,90.61964344,6.712772332999999,218.2299187,papaya
43.0,50.0,48.0,28.28222883,91.37059792,6.63016515,179.27208069999998,papaya
60.0,46.0,53.0,24.48620746,92.98254537,6.761953186,183.49095,papaya
70.0,68.0,55.0,42.84609252,94.63548176,6.691202286,78.80996390000001,papaya
59.0,62.0,52.0,43.67549305,93.10887229,6.608667683999999,103.8235658,papaya
60.0,58.0,51.0,42.07213781,92.92203105,6.840802254,165.7412972,papaya
42.0,60.0,47.0,33.46873719,92.12746225,6.834808347999999,136.8277041,papaya
35.0,66.0,47.0,31.7018373,91.66232213,6.953439161,48.83810592,papaya
34.0,65.0,48.0,41.41968393,90.03863107,6.665024507999999,199.3096432,papaya
36.0,54.0,46.0,42.54744013,94.94482086,6.662875839,214.41038480000003,papaya
39.0,64.0,52.0,28.91842453,94.63676767,6.678695788,63.68794608,papaya
37.0,52.0,47.0,43.08022702,93.90305729,6.54277684,211.8529059,papaya
33.0,47.0,46.0,29.20300896,93.96834049,6.839443833,209.4083305,papaya
34.0,48.0,48.0,41.04224355,91.37258067,6.805277038,181.527598,papaya
49.0,54.0,50.0,25.62446619,93.18240298,6.762522087000001,97.26336657,papaya
40.0,65.0,49.0,35.32876402,91.06138506,6.678449317999999,163.9069365,papaya
68.0,52.0,49.0,24.42561272,92.27749066,6.577192175,63.35298768,papaya
50.0,46.0,52.0,31.18298415,90.21646909,6.734005647999999,54.01872359,papaya
65.0,63.0,50.0,31.88342554,91.3256535,6.524459342,79.27201575,papaya
40.0,49.0,47.0,42.93368602,91.1756748,6.501521192,246.36132680000003,papaya
42.0,53.0,48.0,23.11407669,94.31994776,6.758479569,231.5153161,papaya
49.0,55.0,51.0,24.87212063,93.90560147,6.676578778,135.16945249999998,papaya
59.0,62.0,49.0,43.36051537,93.35191636,6.941496806,114.778071,papaya
63.0,58.0,47.0,26.83054058,90.75379971,6.864143752,144.66564440000005,papaya
70.0,65.0,52.0,30.42012134,93.12659793,6.583528529,75.95295,papaya
63.0,50.0,52.0,28.64555584,93.22642604,6.751747609,115.8163936,papaya
40.0,64.0,47.0,32.50037548,93.47888842,6.893509446,71.73759526,papaya
63.0,58.0,50.0,43.03714283,94.6428898,6.720744449,41.5856585,papaya
45.0,58.0,49.0,30.10773379,90.34546355,6.827812549,75.24521981,papaya
66.0,69.0,47.0,23.69212243,93.61055571,6.912299695,87.53393983,papaya
54.0,67.0,52.0,35.67667332,93.30641944,6.586107335,141.3381168,papaya
69.0,67.0,52.0,27.71948962,94.43877142,6.827305908,82.83061083,papaya
67.0,68.0,49.0,35.26824831,92.38282957,6.821774589,149.8488208,papaya
45.0,57.0,47.0,23.16855863,90.78821158,6.656458831,161.68920930000004,papaya
56.0,50.0,52.0,33.08706051,92.25197542,6.770384816,88.1300769,papaya
70.0,50.0,53.0,37.4620912,90.44967809,6.933809742999999,172.3458448,papaya
44.0,47.0,45.0,38.73218907,94.73613484,6.579441304,218.142147,papaya
50.0,60.0,47.0,32.57720726,92.74889453,6.92791761,93.7942847,papaya
52.0,51.0,53.0,38.38231475,93.10378595,6.985804083,210.2735346,papaya
35.0,68.0,45.0,42.93605359,90.09448142,6.612429546,234.8466111,papaya
68.0,69.0,52.0,25.65492304,92.74501561,6.813383387000001,52.95477913,papaya
32.0,55.0,52.0,37.58899717,91.99740365,6.967759599999999,159.6577388,papaya
32.0,55.0,51.0,29.60718808,93.15642801,6.57398033,62.68710535,papaya
48.0,62.0,47.0,25.34756111,93.02871078,6.803094965,174.40123369999995,papaya
39.0,69.0,53.0,25.9300384,93.02357765,6.964955435,241.8202079,papaya
49.0,61.0,45.0,32.76795887,94.57377401,6.764213299,240.4795923,papaya
48.0,57.0,54.0,29.02328049,90.20396783,6.617703177999999,126.8069869,papaya
69.0,66.0,49.0,40.00439101,90.17015833,6.52711001,92.11877372,papaya
53.0,55.0,55.0,33.32315744,91.25271223,6.709668804,234.496633,papaya
38.0,61.0,52.0,31.22790131,94.94021378,6.620729882000001,46.44279118,papaya
57.0,64.0,55.0,26.68386496,92.9585411,6.583760498999999,62.50689682,papaya
51.0,57.0,55.0,24.70528368,90.14732171,6.6764073370000006,108.4103158,papaya
56.0,65.0,45.0,38.2016825,93.97379963,6.751298936,218.09088140000003,papaya
54.0,66.0,52.0,36.56769731,93.79503425,6.867554147000001,104.4218596,papaya
58.0,55.0,47.0,26.05375792,93.69111672,6.7424900270000006,240.6863901,papaya
68.0,70.0,54.0,31.29986342,92.76039164,6.986228647000001,54.77830202,papaya
42.0,59.0,55.0,40.10207731,94.35110201,6.979102243,149.1199989,papaya
43.0,64.0,47.0,38.58954491,91.58076549,6.8256647820000005,102.2708231,papaya
35.0,67.0,49.0,41.31330062,91.1508798,6.617066674,239.7427554,papaya
56.0,59.0,55.0,37.03551903,91.79430166,6.551892637999999,188.5181422,papaya
39.0,64.0,53.0,23.012401800000006,91.07355541,6.598860305,208.3357976,papaya
18.0,30.0,29.0,26.762749300000007,92.86056895,6.4200187170000005,224.5903664,coconut
37.0,23.0,28.0,25.61294367,94.3138837,5.7400545670000005,224.3206759,coconut
13.0,28.0,33.0,28.130115000000004,95.64807631,5.686972967000001,151.0761899,coconut
2.0,21.0,35.0,25.02887163,91.53720922,6.293662362999999,179.8248944,coconut
10.0,18.0,35.0,27.79797651,99.64573002,6.381975465,181.6942283,coconut
7.0,11.0,32.0,29.25902906,95.11294697,5.542169138999999,184.7624496,coconut
39.0,5.0,31.0,27.10134661,93.69979946,5.551963184,150.9502632,coconut
34.0,6.0,27.0,25.84726298,90.92669463,5.8607404810000014,147.8888994,coconut
31.0,30.0,29.0,26.58580443,90.98617591,5.558807063,178.8116076,coconut
25.0,7.0,35.0,28.38503882,99.18843684,5.55771171,189.67113490000003,coconut
16.0,18.0,26.0,28.43647052,91.81320717,5.568365926,145.54144130000003,coconut
26.0,10.0,33.0,28.27298134,96.93649473,6.07071786,198.8234862,coconut
27.0,8.0,32.0,27.00648436,96.46168931,5.627860548999998,144.3331315,coconut
37.0,18.0,30.0,27.63551259,99.34854917,6.38488418,157.91715369999997,coconut
19.0,15.0,34.0,26.29644905,99.65809151,5.6858890660000005,215.9195049,coconut
0.0,19.0,33.0,27.1326009,95.23797989,6.234458417000001,204.7206567,coconut
31.0,20.0,26.0,25.56567803,97.61361544,6.443168642000001,199.7936345,coconut
9.0,17.0,32.0,25.94951662,93.40548703,5.842317989,172.0540491,coconut
22.0,11.0,29.0,28.03380598,95.01630593,5.955742971,218.0055713,coconut
31.0,6.0,26.0,29.12859129,91.30924833,5.741367375,157.2388553,coconut
34.0,6.0,30.0,27.0828252,97.00155491,5.948342571,171.7575545,coconut
24.0,6.0,32.0,28.11321494,90.01734526,6.387067562,172.48136409999995,coconut
1.0,8.0,26.0,27.5136304,94.18955816,5.562911913,156.6732553,coconut
31.0,13.0,33.0,27.63834933,95.48763389,5.85971872,205.5463111,coconut
10.0,9.0,28.0,29.01256899,94.01014388,6.282955072999999,150.05003119999995,coconut
36.0,27.0,26.0,26.58413917,95.78923137,6.25449571,171.6262299,coconut
38.0,24.0,33.0,28.28905147,97.00396405,5.973853124,142.9403233,coconut
11.0,6.0,25.0,28.69164799,96.65248672,6.081568052000001,178.9635457,coconut
16.0,14.0,30.0,29.70931288,96.30484325,6.37466756,209.84539930000005,coconut
33.0,14.0,35.0,27.14865285,96.66355213,6.027707171,149.2433497,coconut
16.0,6.0,29.0,29.28725038,91.95614918,5.868285082000001,132.1491176,coconut
32.0,11.0,31.0,25.06871967,93.31410447,6.205931637999999,134.84190690000003,coconut
38.0,14.0,30.0,26.92449525,91.20106019,5.5707453860000005,194.9022136,coconut
8.0,6.0,33.0,28.27804288,93.64761266,6.095261012999999,171.9457959,coconut
23.0,6.0,33.0,29.18032562,92.73041222,6.025789594,204.9603677,coconut
29.0,25.0,35.0,28.3575072,91.64509299,5.542873799,160.73069909999995,coconut
24.0,14.0,33.0,29.38072512,93.27565685,6.366219551,218.5241851,coconut
32.0,12.0,30.0,25.39241091,98.08951196,5.579845008,218.080385,coconut
30.0,25.0,31.0,26.31270635,98.62048026,5.804965067,208.1181381,coconut
14.0,21.0,35.0,29.52501367,91.91185319,6.121005506,194.3100272,coconut
27.0,22.0,29.0,28.83214859,92.17170353,6.000248647,145.41723869999996,coconut
40.0,5.0,29.0,28.48444906,97.76865458,5.820978791,160.389421,coconut
17.0,11.0,32.0,28.74013335,93.39676499,5.620733794,156.76508230000005,coconut
30.0,30.0,35.0,25.00872392,95.59224018,6.001936419,165.8092179,coconut
28.0,10.0,30.0,29.8690834,91.14723422,6.305740522000001,192.7678575,coconut
39.0,7.0,29.0,27.54273211,94.59086121,6.362544111,150.2012138,coconut
32.0,20.0,35.0,26.52166434,98.38227669,5.588655387,144.6261698,coconut
7.0,15.0,32.0,25.03512351,95.89739958,6.182232762000001,174.796583,coconut
29.0,17.0,29.0,29.20394909,95.66997327,5.959493188,211.2506267,coconut
34.0,15.0,34.0,27.05826457,91.10510371,5.677282677999999,224.70069530000004,coconut
14.0,23.0,25.0,26.18552389,96.96637916,5.6121227970000005,135.4186222,coconut
18.0,19.0,29.0,27.59376845,92.48519606,6.206077742000001,162.8432736,coconut
7.0,21.0,35.0,25.76011662,94.65830608,5.764812076,131.24514140000002,coconut
24.0,27.0,34.0,28.87862994,95.11320315,6.203376525,145.0583117,coconut
39.0,29.0,29.0,26.50908611,94.48414544,6.143662699,199.8778403,coconut
29.0,8.0,28.0,26.87037587,91.72546257,6.100429497,214.4128874,coconut
10.0,24.0,27.0,27.57283516,94.90485697,5.7084096010000005,145.9298935,coconut
0.0,29.0,32.0,28.05912437,98.3670985,5.868255858,171.65163959999995,coconut
32.0,11.0,31.0,29.51611558,92.56492864,6.461225827000001,131.2116167,coconut
37.0,10.0,32.0,28.96318258,95.16333673,6.165084855,222.803013,coconut
20.0,29.0,27.0,25.09897688,92.36099489,6.047044342,157.7592626,coconut
31.0,29.0,35.0,27.1872282,92.19906776,6.137102505,141.3220576,coconut
17.0,30.0,27.0,29.03065024,90.79093862,5.894027065,205.5720367,coconut
1.0,12.0,30.0,27.754298,95.94643831,5.56222383,131.09000759999998,coconut
6.0,13.0,29.0,27.31155708,99.96906006,5.832608027999999,201.8258633,coconut
15.0,28.0,32.0,28.84270971,99.64328526,6.2185718739999984,224.4016682,coconut
27.0,24.0,29.0,26.61423461,96.97300803,6.142010637,191.006688,coconut
3.0,23.0,30.0,29.70143197,95.65754365,6.078807239,215.1968037,coconut
8.0,26.0,26.0,25.54759871,91.64194826,5.702484758,212.867626,coconut
20.0,28.0,26.0,26.37978453,91.49882979,5.547594847,167.0470997,coconut
26.0,18.0,27.0,27.45907759,92.90736493,5.836075368,142.1430003,coconut
1.0,6.0,35.0,27.02269204,95.71935435,6.231662767,147.16824590000004,coconut
27.0,30.0,31.0,28.98545306,90.73966792,5.718120393,148.8398374,coconut
23.0,7.0,34.0,26.1055118,91.52421214,5.852038202,134.1279669,coconut
0.0,26.0,31.0,25.0707247,95.02156793,5.547933273,192.9036306,coconut
38.0,6.0,25.0,25.54963273,96.92786777,6.156259104,191.2996157,coconut
25.0,12.0,26.0,28.56973521,95.67906668,6.436314406,134.83703480000003,coconut
40.0,5.0,32.0,26.07010807,96.7036223,5.981169595,143.533473,coconut
0.0,19.0,31.0,25.51791333,94.38420565,6.271952832999999,178.7297725,coconut
26.0,9.0,32.0,25.9490364,94.73860514,6.470465614,144.15711090000005,coconut
35.0,30.0,34.0,28.2974764,95.41122824,6.141502001,182.4482352,coconut
19.0,30.0,30.0,29.56549169,91.40896307,5.826381164,224.83157290000003,coconut
31.0,13.0,33.0,29.69952329,95.21224392,6.342463714,148.30036919999995,coconut
17.0,29.0,26.0,26.14162144,93.28415295,6.071897347,195.4115025,coconut
2.0,30.0,30.0,26.00175125,94.79998418,6.331051715,209.540094,coconut
30.0,13.0,25.0,27.15116142,91.48889469,6.413184638,164.9182225,coconut
8.0,15.0,33.0,28.97318719,98.09861043,5.50158009,213.9011021,coconut
18.0,12.0,35.0,26.13958446,96.38580769,6.338720873,131.3387935,coconut
8.0,28.0,30.0,25.51618488,94.33465411,6.015672239,135.1272491,coconut
40.0,22.0,29.0,27.55821802,99.98187601,5.735364307,174.62564809999995,coconut
27.0,10.0,33.0,27.81132822,97.48410555,6.465906333,154.06212209999995,coconut
21.0,20.0,31.0,25.60033702,99.7240104,5.855457599,165.82487319999996,coconut
3.0,9.0,35.0,26.91641934,99.84671638,6.318552972999999,225.6323656,coconut
22.0,16.0,27.0,29.1797902,90.27214288,6.006784979,188.9252083,coconut
27.0,8.0,30.0,26.44600063,98.29937782,6.008386282999999,221.2258168,coconut
22.0,8.0,33.0,28.43572863,95.8840407,5.665785202,203.9283708,coconut
28.0,27.0,32.0,28.94099669,93.00109012,5.764615485,191.7723087,coconut
23.0,21.0,26.0,26.45488737,93.45042636,5.901495543999999,149.2220255,coconut
37.0,5.0,34.0,25.79490531,93.84150618,5.779032666,152.42387119999995,coconut
19.0,26.0,29.0,26.93141945,98.80313612,5.67154928,166.5712879,coconut
133.0,47.0,24.0,24.40228894,79.19732001,7.231324765,90.8022356,cotton
136.0,36.0,20.0,23.09595631,84.86275707,6.925412377000001,71.29581071,cotton
104.0,47.0,18.0,23.9656349,76.97696717,7.633437412,90.75616738,cotton
133.0,47.0,23.0,24.88738107,75.62137159,6.827354668,89.76050416,cotton
126.0,38.0,23.0,25.36243778,83.63276077,6.176716425,88.43618918,cotton
126.0,50.0,19.0,24.69457084,81.7358876,6.6287228360000015,78.58494391,cotton
113.0,41.0,20.0,25.0017188,80.53965818,7.256877571,96.32600992,cotton
121.0,45.0,22.0,22.45942937,81.30681027,6.443785385,64.23026638,cotton
121.0,47.0,16.0,23.60564038,79.29573149,7.7232401510000015,72.49800885,cotton
129.0,60.0,22.0,24.58453146,79.12404171,5.947448589,71.94608134,cotton
107.0,45.0,25.0,23.0865933,83.55546146,7.2277455160000015,71.84080724,cotton
122.0,59.0,18.0,23.5000992,83.63488952,6.219469084,79.81328183,cotton
140.0,38.0,15.0,24.1472953,75.88298598,6.021439523,69.91563467,cotton
102.0,49.0,21.0,24.69315538,84.84422454,6.253343655,89.799462,cotton
111.0,40.0,25.0,24.48469200000001,84.44932014,6.187455798999999,90.94342484,cotton
131.0,35.0,18.0,24.49112609,82.24415809,7.0576933660000005,64.02949379,cotton
135.0,43.0,16.0,23.47986888,81.73049149,6.720449769,86.76287924,cotton
100.0,46.0,18.0,24.18586246,76.04203958,6.4316895060000006,69.08056728,cotton
123.0,39.0,24.0,25.00755095,78.17952126,7.453106264,86.06411872,cotton
117.0,56.0,15.0,25.99237426,77.0543546,7.368258226,89.1188212,cotton
121.0,36.0,24.0,23.66457347,81.69105088,7.352401887,99.36898373,cotton
101.0,58.0,18.0,25.66891439,81.38103349,6.652143699,78.59595817,cotton
107.0,42.0,24.0,22.04612876,84.62978302,6.144631795,86.00758678,cotton
100.0,41.0,22.0,22.4204752,84.55794703,7.318802162000001,93.46595573,cotton
125.0,39.0,21.0,25.03149561,82.21276599,7.954629324,95.0191318,cotton
105.0,60.0,23.0,23.53371386,77.21705554,6.207652157,87.54004943,cotton
102.0,46.0,19.0,22.77076388,82.5993307,6.631005298,81.49543437,cotton
131.0,49.0,22.0,25.49848236,79.9751579,7.306918817000001,67.05961949,cotton
139.0,35.0,15.0,25.248679,83.4630147,5.898293044,86.55517751,cotton
108.0,36.0,19.0,22.78249615,77.51235009,7.238566893,64.61444234,cotton
118.0,45.0,23.0,23.37044424,77.43198948,7.977651226,71.67870701,cotton
107.0,51.0,22.0,24.86560781,78.22080815,5.983075895,79.56866268,cotton
125.0,60.0,17.0,24.14386157,84.51591287,6.785723961,80.36146974,cotton
113.0,37.0,20.0,25.03300222,79.04368718,7.393441155,97.10087029,cotton
131.0,52.0,16.0,23.65724079,84.47601498,6.486068274,88.54479121,cotton
115.0,48.0,16.0,25.54359718,84.09229796,7.175934962,88.94245493,cotton
113.0,38.0,25.0,22.00085141,79.47270984,7.388265887999999,90.42224164,cotton
111.0,41.0,18.0,23.64328417,78.1258666,6.10539819,80.96157332,cotton
111.0,53.0,19.0,23.96436009,78.02763149,6.419536555,84.63148859,cotton
122.0,48.0,16.0,24.65425757,75.6350708,6.307585854,61.82980133,cotton
108.0,46.0,17.0,24.3017998,84.87668973,6.93221485,65.0247867,cotton
132.0,41.0,22.0,24.29144926,81.02453404,7.810865753,90.41694635,cotton
103.0,42.0,17.0,24.29470232,84.61527627,6.527541661,81.05902285,cotton
133.0,50.0,25.0,25.72180042,81.19666206,7.569454601,99.93100821,cotton
127.0,37.0,18.0,24.87663664,76.30050373,7.041065585,91.9223468,cotton
110.0,39.0,25.0,22.60612115,77.34264002,7.208795456,75.13617229,cotton
131.0,38.0,19.0,23.86814008,75.68339729,6.814341946,90.4547185,cotton
108.0,38.0,24.0,23.41022496,76.43836957,7.442217061,78.82199603,cotton
122.0,40.0,17.0,24.96440768,81.31677618,6.854558957,80.03995829,cotton
111.0,50.0,15.0,25.16820129,80.30351815,7.884550475,84.62419032,cotton
140.0,40.0,17.0,22.72767171,77.07598065,6.006085786,77.55176318,cotton
100.0,40.0,20.0,22.45145981,76.25674874,7.432043735,86.84998693,cotton
123.0,50.0,16.0,23.04920461,75.53835214,6.498052108,70.65644296,cotton
107.0,36.0,21.0,25.29250148,75.66653335,6.205263534,62.64174227,cotton
118.0,50.0,19.0,22.95604064,82.33733678,6.360812227,66.48339303,cotton
103.0,51.0,20.0,22.80213132,84.14668447,7.0466074339999984,91.6389565,cotton
133.0,57.0,19.0,23.54234715,75.98203329,7.947011366,84.12536744,cotton
129.0,47.0,20.0,24.41212325,80.80343786,6.281913857999999,98.60457373,cotton
116.0,52.0,19.0,22.94276687,75.37170612,6.114525877,67.08022574,cotton
114.0,40.0,23.0,25.53676123,81.13668716,6.7539780610000015,95.4262599,cotton
131.0,60.0,17.0,25.32023717,81.79475917,7.4250413160000015,83.46532547,cotton
107.0,43.0,18.0,22.426733,81.53480799,6.745104394,65.54475812,cotton
123.0,44.0,21.0,25.78544484,75.00539324,7.6411165689999985,91.39578861,cotton
112.0,49.0,25.0,25.68959532,77.90621048,6.470135478,66.19426787,cotton
119.0,44.0,15.0,22.14593688,82.85975490000001,7.091992365,60.65381719,cotton
130.0,59.0,19.0,25.07278712,82.50257909,6.520403794,93.51042684,cotton
127.0,53.0,24.0,22.21506982,76.17851932,6.127939627999999,70.40557612,cotton
134.0,52.0,18.0,23.9643129,76.59175937,7.994679507000001,76.13090645,cotton
109.0,36.0,18.0,25.40059227,76.53237965,7.524707577,62.51388670000001,cotton
100.0,48.0,17.0,23.7805123,83.03878838,7.827877817999999,66.26555904,cotton
132.0,52.0,19.0,24.16402322,76.7433897,6.436691764,61.94626051,cotton
102.0,37.0,25.0,25.31468463,77.91757121,5.907930899,72.82902109,cotton
111.0,39.0,22.0,22.60361557,80.35090459999998,6.135025006,88.57395505,cotton
117.0,51.0,15.0,22.9535715,78.71555832,6.044556594,99.75336197,cotton
136.0,36.0,24.0,22.74446976,80.41198458,7.59781958,90.07326633,cotton
134.0,56.0,18.0,23.80834611,83.91902605,6.691268104,70.97358303,cotton
112.0,54.0,15.0,25.46228792,81.56641891,6.1754923060000015,76.88582484,cotton
105.0,56.0,15.0,25.96779712,81.97904282,7.272316208999999,74.14169043,cotton
140.0,45.0,15.0,25.5308271,80.04662756,5.801047545,99.39557151,cotton
126.0,46.0,25.0,24.43847399,81.69801729,6.757457943,60.79645852,cotton
106.0,49.0,24.0,23.03887865,76.47039772,6.983395572999999,90.64770699,cotton
121.0,53.0,19.0,23.51308653,76.72621429,7.976889497999999,80.11272117,cotton
108.0,60.0,17.0,22.75805656,76.75768356,6.558902588,97.76600619,cotton
116.0,56.0,17.0,24.71252544,77.7293114,7.979090365,85.24963302,cotton
100.0,52.0,19.0,23.45969093,82.44777468,7.903528672999999,93.50153555,cotton
129.0,43.0,16.0,25.5503704,77.85055621,6.73210948,78.58488484,cotton
118.0,44.0,23.0,22.08458267,82.82904143,6.6916904760000016,67.06459777,cotton
117.0,43.0,25.0,24.68854799,78.51206972,7.839849298,69.31153566,cotton
126.0,37.0,21.0,25.84997269,84.16855231,6.61448588,77.03421249,cotton
120.0,48.0,16.0,22.46054478,75.40989245,7.456971816,71.85436078,cotton
102.0,45.0,16.0,23.65629976,77.52425987,7.2942193,74.8984994,cotton
131.0,56.0,20.0,22.00817088,81.83896111,7.762647875,92.23645249,cotton
114.0,40.0,17.0,24.32630461,80.13456404,6.363406102000001,69.45072055,cotton
101.0,37.0,18.0,22.92360984,82.68738535,7.63737841,92.91915074,cotton
106.0,46.0,20.0,23.43821725,78.63388824,6.2006719760000015,81.15072105,cotton
113.0,38.0,20.0,22.10718988,78.58320116,6.364729934,74.94136567,cotton
102.0,53.0,21.0,23.03814028,76.11021529,6.913678684,91.49697481,cotton
110.0,39.0,18.0,24.54795322,75.39752705,7.766259768999999,63.88079866,cotton
107.0,58.0,15.0,23.73868041,75.77503808,7.55606399,76.63669195,cotton
120.0,60.0,15.0,22.31871914,83.86129998,7.288377241,65.35747011,cotton
89.0,47.0,38.0,25.52468965,72.24850829,6.002524871,151.8869972,jute
60.0,37.0,39.0,26.59104992,82.94164078,6.033485257000001,161.2469997,jute
63.0,41.0,45.0,25.29781791,86.88705350000002,7.121933578999999,196.6249511,jute
86.0,40.0,39.0,25.72100868,88.16513579,6.207459637,175.60866969999995,jute
96.0,41.0,40.0,23.58419277,72.00460848,6.090060478,190.4242157,jute
100.0,35.0,36.0,25.31042337,72.01364411,6.346715209,190.5577618,jute
63.0,37.0,43.0,23.41798979,85.08640476,6.661957897000001,185.7446728,jute
70.0,43.0,40.0,24.35564134,88.80391021,6.176860192,169.11680280000004,jute
67.0,55.0,44.0,26.284017,75.14640198,7.251847296,182.2685447,jute
74.0,40.0,40.0,25.13842773,83.12053888,6.386259977999999,169.33884650000005,jute
89.0,53.0,44.0,24.88692811,71.91711523,7.319735475,150.2498675,jute
74.0,46.0,45.0,25.75734909,88.36668522,6.025028997000001,189.4263485,jute
89.0,41.0,38.0,23.12844351,74.68322732,6.344751947000001,199.83629130000003,jute
60.0,55.0,40.0,24.9949957,88.95692783,7.02777956,151.4935635,jute
67.0,43.0,38.0,25.21622704,70.88259632,7.299304715,195.8645552,jute
70.0,38.0,35.0,24.39736241,79.26861738,7.014063944,164.2697011,jute
74.0,49.0,38.0,23.31410442,71.4509053,7.4880144039999985,164.49703730000004,jute
90.0,40.0,39.0,25.72668885,81.86171563,6.626503893,191.9649389,jute
82.0,35.0,44.0,26.96656378,78.21047693,6.239011,169.8391177,jute
73.0,45.0,37.0,23.70467146,74.63745355,6.742688094,181.2783964,jute
85.0,53.0,38.0,24.90075709,73.84186449,6.588017308,153.8990984,jute
81.0,56.0,36.0,23.39605743,72.60512854,7.097586415,174.78764109999997,jute
84.0,55.0,38.0,26.8748389,79.78725152,6.956682742999999,173.1017097,jute
80.0,45.0,42.0,23.1426498,74.99739774,7.380396262,151.9035477,jute
76.0,54.0,45.0,24.29496635,77.62976013,6.176618831,184.9800516,jute
76.0,56.0,39.0,24.39459498,89.89106506,6.551130445,197.1220049,jute
81.0,40.0,45.0,25.7629429,80.76238215,6.427726565,174.5071843,jute
76.0,44.0,45.0,25.4879684,84.48235878,6.740947635,168.7848886,jute
69.0,47.0,40.0,25.37122686,76.2403666,6.130136384,183.8270791,jute
82.0,40.0,45.0,26.21312799,81.70476368,6.667633355,180.1237765,jute
69.0,57.0,35.0,24.30748599,78.54340987,6.1868143920000005,186.2337571,jute
81.0,36.0,38.0,23.76554749,87.98329901,6.334837865,150.31661519999997,jute
67.0,60.0,38.0,24.79853023,78.53037059,7.16214284,162.2847429,jute
72.0,51.0,40.0,23.20683504,74.09956958,7.422318499,199.4766779,jute
65.0,39.0,45.0,23.66805429,70.89000744,6.768001309,184.4633281,jute
78.0,50.0,43.0,25.12417673,85.72530641,6.348441469,159.5718087,jute
77.0,52.0,41.0,23.89069041,83.46409075,6.097294061,167.72306319999996,jute
89.0,52.0,42.0,23.09433785,81.45139295,6.14132902,196.6587013,jute
62.0,49.0,37.0,24.21744605,82.85284045,7.479248124,166.13658859999995,jute
90.0,48.0,45.0,24.06475727,71.31342851,6.509174788999999,153.63902119999997,jute
66.0,47.0,36.0,24.85441411,74.44070479999998,6.57256106,175.572958,jute
80.0,52.0,39.0,26.41915161,76.85691248,7.165696848,197.2101782,jute
89.0,52.0,45.0,24.89326318,77.01222585,7.207457207999999,196.469984,jute
77.0,51.0,44.0,23.25583402,82.7015932,7.124333547000001,166.2160846,jute
94.0,37.0,41.0,24.7634518,87.06071115,6.4635387070000005,179.1630865,jute
75.0,41.0,35.0,24.97042599,78.62697699,6.856833064,166.6415254,jute
60.0,55.0,36.0,26.12797248,80.49172597,7.132389299,150.6326874,jute
62.0,56.0,35.0,25.97825807,81.65769588,6.235357637999999,163.3488091,jute
84.0,40.0,42.0,26.2830571,73.35763537,6.704273839,186.6898282,jute
100.0,56.0,40.0,26.38905406,83.31240346,7.433313409,176.1516409,jute
75.0,56.0,44.0,25.2746335,73.7459581,6.109478059,168.0432282,jute
78.0,46.0,42.0,23.09499564,78.45959697,7.095413294,155.3851533,jute
82.0,48.0,36.0,25.79351957,81.76904006,6.352076782999999,193.2418382,jute
100.0,58.0,41.0,23.17403323,87.88255345,6.6587699910000016,160.6217342,jute
88.0,50.0,40.0,25.63215038,79.95150917,7.0518224720000005,182.2582277,jute
67.0,41.0,40.0,25.84879500000001,87.81661683,7.333143205,152.6194403,jute
72.0,42.0,43.0,26.56767277,80.90424543,6.352771037,181.2915605,jute
89.0,40.0,43.0,26.24532085,72.97198375,7.124050134,189.9711184,jute
89.0,57.0,43.0,26.91515043,73.19897535,6.998787171,177.22330480000005,jute
61.0,41.0,44.0,24.36972377,82.11319791,6.537914957999999,159.92109340000005,jute
79.0,45.0,43.0,25.71901283,79.15532398,7.171054239,187.1735424,jute
84.0,40.0,43.0,25.01157559,88.33130229999998,7.228268227999999,169.4168014,jute
98.0,43.0,35.0,25.40785911,76.44048625,7.319952206,188.6372826,jute
75.0,36.0,44.0,23.28081,74.27607475,6.613341342999999,153.7447398,jute
89.0,58.0,35.0,23.98651719,82.09053379,6.096838784,167.0576456,jute
91.0,41.0,37.0,24.48556447,83.20630007,6.132570522999999,192.2316221,jute
77.0,48.0,36.0,25.86705009,84.09985284,7.36008498,154.83908469999997,jute
66.0,58.0,35.0,23.5643831,79.46283115,7.321619041,185.25947,jute
62.0,59.0,41.0,24.2248758,74.89465426,7.175170657000001,192.4931257,jute
82.0,35.0,35.0,25.49386782,86.97061481,7.299076163,176.5268267,jute
61.0,41.0,35.0,24.97178693,79.47557931,6.842966478999998,195.7571622,jute
99.0,57.0,38.0,24.80624984,82.09281674,6.356295567999999,156.3616174,jute
70.0,42.0,43.0,23.16814977,76.66724969,6.508342839,157.1215052,jute
90.0,59.0,35.0,24.25133493,89.86454053,7.098227926,175.1742112,jute
73.0,43.0,42.0,26.58361011,78.00774772,6.310699968,154.8238864,jute
67.0,46.0,44.0,26.82489244,78.20392774,7.093328631,153.91998069999997,jute
84.0,37.0,42.0,25.49674786,81.13449097,6.691074249,169.92882340000003,jute
72.0,41.0,36.0,24.09874353,80.57226761,6.187746776,176.8604109,jute
71.0,56.0,37.0,23.18866654,86.20899734,6.491506245,176.103677,jute
64.0,53.0,38.0,26.24347471,78.51063754,6.855362875,183.4065252,jute
65.0,54.0,39.0,23.75091572,71.14782585,7.124571593,160.0889553,jute
60.0,58.0,37.0,26.13871511,79.1188943,6.067302109,171.4892533,jute
86.0,39.0,43.0,26.14576648,71.23690851,6.432051512,193.1007598,jute
90.0,50.0,44.0,26.91643698,73.48655995,6.253408852000001,171.4716375,jute
91.0,38.0,36.0,26.5232969,77.17331847,7.287318722999999,157.8548562,jute
87.0,48.0,38.0,23.81579631,80.94023552,7.161865733,190.312216,jute
72.0,41.0,36.0,26.50838667,86.84264005,6.065898282999999,152.9801697,jute
71.0,54.0,35.0,26.63952463,70.95705996,7.311077075,199.3355744,jute
82.0,46.0,41.0,23.325013100000003,79.79609448,6.581693772,187.3096148,jute
71.0,52.0,43.0,26.47549543,73.96164569,6.732826127,180.2513601,jute
80.0,43.0,43.0,23.78756036,74.36794079,6.014572075,172.64426540000005,jute
77.0,55.0,43.0,25.49941707,75.99987588,6.663559451,193.71418280000003,jute
95.0,57.0,41.0,23.24925555,73.65346838,6.434610995,184.7674863,jute
63.0,47.0,35.0,26.98582182,89.05587886,7.432768147000001,193.8778713,jute
93.0,43.0,38.0,23.61475336,86.14290267,6.987332927000001,150.2355238,jute
87.0,44.0,43.0,23.87484465,86.79261344,6.718725189,177.5147313,jute
88.0,52.0,39.0,23.92887902,88.07112278,6.880204617,154.6608736,jute
90.0,39.0,37.0,24.81441246,81.68688879,6.86106911,190.7886386,jute
90.0,39.0,43.0,24.44743944,82.286484,6.7693455,190.9684885,jute
84.0,38.0,43.0,26.57421679,73.81994896,7.26158085,159.3223075,jute
91.0,21.0,26.0,26.33377983,57.36469955,7.261313694,191.6549412,coffee
107.0,21.0,26.0,26.45288458,55.32222678,7.235070264,144.68613359999995,coffee
83.0,38.0,35.0,25.70822684,52.88667115,7.18915558,136.73250919999998,coffee
108.0,24.0,31.0,24.12832546,56.18107663,6.431899747999999,147.27578180000003,coffee
116.0,28.0,34.0,23.44372334,60.39523266,6.42321105,122.2103248,coffee
116.0,23.0,25.0,23.4123707,52.26994674,6.869720196,139.3670753,coffee
109.0,31.0,27.0,23.05951896,50.40609436,6.973839707000001,164.4971875,coffee
89.0,25.0,34.0,23.07895447,63.65861483,7.184801627000001,129.8765443,coffee
118.0,18.0,32.0,27.6496114,51.11044023,6.351823783,122.8392822,coffee
111.0,32.0,34.0,25.46743689,69.35161206,6.392048018,171.37644619999998,coffee
84.0,36.0,28.0,26.7350622,55.55164819,6.119892347,140.63052130000003,coffee
85.0,33.0,25.0,26.20811417,52.50987966,6.910823945,189.0944824,coffee
99.0,15.0,27.0,27.0424167,57.27927475,6.501157208,165.6872119,coffee
81.0,30.0,31.0,24.65090184,51.93952357,7.027585558999999,135.1386537,coffee
95.0,39.0,29.0,27.35152643,55.99375012,7.13411409,148.98125249999995,coffee
81.0,34.0,30.0,25.17787724,62.26244581,6.6477659970000005,135.0119649,coffee
80.0,15.0,28.0,23.11438731,68.00096043,6.703270635,161.8944624,coffee
104.0,20.0,26.0,27.22783677,52.95261751,7.493191968,175.7260273,coffee
109.0,29.0,28.0,23.26316991,60.51600210000001,6.724688502999999,194.1755471,coffee
100.0,32.0,26.0,25.234661,57.53161469,6.043485685,124.2261737,coffee
100.0,24.0,28.0,25.59535262,57.72920846,7.101661011,195.7733251,coffee
83.0,21.0,28.0,25.5674832,60.49244602,7.466900682999999,190.2257843,coffee
120.0,23.0,28.0,25.67324193,51.29043632,6.877799264,196.2736367,coffee
104.0,26.0,30.0,24.40726724,62.65692638,6.410992833,148.6977358,coffee
108.0,33.0,31.0,23.69287069,66.76090123,7.393825704,144.6576424,coffee
91.0,25.0,26.0,24.53460016,66.99765375,7.482414225,180.5059257,coffee
86.0,26.0,27.0,27.13140403,52.89368299,6.081172981,192.4280381,coffee
98.0,18.0,27.0,27.56088634,68.49299897,6.516312148,167.43580749999995,coffee
111.0,27.0,31.0,23.59302313,55.27564977,6.0433309510000015,191.3980675,coffee
84.0,39.0,35.0,23.17714381,52.13864034,6.959404135,117.3113562,coffee
98.0,27.0,27.0,24.71384065,51.29142534,7.238109556,197.6439711,coffee
118.0,21.0,34.0,24.38534644,64.72543073,7.234258375,119.6324109,coffee
103.0,27.0,31.0,27.15998538,51.59100753,6.691541233,126.1752206,coffee
82.0,24.0,33.0,26.53543168,67.09608099,6.809593554,120.6494434,coffee
86.0,31.0,35.0,27.01207284,60.76645256,6.485761419,191.4508931,coffee
88.0,35.0,35.0,27.55906475,58.45742907,6.784460602,117.9389993,coffee
84.0,27.0,29.0,23.32293161,53.00366334,7.167092586,168.26442869999997,coffee
120.0,40.0,33.0,24.23850608,54.30329632,6.73410539,115.1564012,coffee
106.0,40.0,30.0,23.42611644,64.10651528,6.779984384,122.6847408,coffee
113.0,21.0,33.0,26.02241444,55.83288958,7.277422737999999,176.90209240000004,coffee
117.0,34.0,25.0,24.83846178,56.7685316,7.21270048,124.4135035,coffee
80.0,30.0,25.0,26.24092174,65.64381357,7.487266991,148.37712019999995,coffee
88.0,21.0,27.0,24.43011925,66.02411187,7.231166546,181.6368274,coffee
113.0,33.0,34.0,26.00373964,62.144510200000006,6.559817161000002,153.477776,coffee
87.0,23.0,28.0,26.22367404,62.26594559,6.979590627,193.7461968,coffee
113.0,15.0,29.0,27.09617155,63.55324262,6.779230041,190.2440566,coffee
98.0,29.0,30.0,25.64004392,61.03273481,6.217974349,199.4735636,coffee
97.0,29.0,27.0,27.74576987,54.36976075,7.205078785,139.8619431,coffee
85.0,35.0,32.0,26.24928198,54.28617819,6.854011265,133.1120232,coffee
82.0,29.0,35.0,26.67377159,52.24226285,6.246872394,156.15438980000005,coffee
103.0,33.0,25.0,27.10210397,55.74973320000001,6.911066044,139.5013171,coffee
112.0,17.0,28.0,27.62975458,61.26002598,6.777417989,196.6492664,coffee
99.0,19.0,33.0,27.536454700000004,55.51673151,6.273741983,130.6377143,coffee
120.0,20.0,34.0,23.56960509,50.56339727,6.906124587000001,130.3797119,coffee
114.0,27.0,28.0,24.99451759,57.93250202,7.162802357,192.8736822,coffee
100.0,40.0,35.0,27.56441788,54.41094079,6.9557873510000015,177.816092,coffee
108.0,35.0,25.0,23.98143338,61.10935084,6.971963169,161.5279095,coffee
115.0,31.0,30.0,24.22984659,67.37768353,6.840927967000001,122.4073418,coffee
87.0,28.0,30.0,25.60153969,68.66257977,6.536676653,168.8383605,coffee
82.0,24.0,26.0,24.31274458,53.57285558,6.089443602999999,184.4103931,coffee
94.0,26.0,27.0,26.36629861,52.25738495,7.456460375,177.31761609999995,coffee
87.0,28.0,35.0,26.5602777,57.1621814,6.759211911,152.0616227,coffee
118.0,40.0,35.0,26.35034208,58.50650238,7.460174812000001,121.5586297,coffee
87.0,38.0,29.0,25.20406808,57.88370456,6.652642579,156.1457255,coffee
92.0,40.0,30.0,23.35723208,55.18792166,6.026287448,171.6976946,coffee
97.0,22.0,26.0,23.60567546,59.68849145,6.074190142000001,185.1568059,coffee
99.0,40.0,32.0,24.18471151,69.94807345,7.0455430560000005,163.27087319999995,coffee
89.0,28.0,33.0,26.44414097,53.83876189,6.9932360010000005,175.3723314,coffee
112.0,39.0,29.0,26.12492233,63.37479229,6.726528895,147.8035305,coffee
111.0,28.0,26.0,27.77363343,64.47858698,6.937352845,192.7121236,coffee
114.0,20.0,26.0,25.55656667,62.67087838,7.27905689,193.5866233,coffee
117.0,26.0,30.0,27.92374437,67.96910852,7.079850922,115.2325531,coffee
111.0,29.0,31.0,26.05968403,52.31098539,6.136286518,161.3432535,coffee
119.0,30.0,28.0,26.35770906,64.57578034,6.5052036960000015,163.62694960000005,coffee
116.0,40.0,33.0,24.91370487,54.15319242,7.042089492000001,129.5481144,coffee
95.0,37.0,35.0,27.31317116,68.42333909999999,6.348337518999998,192.4288139,coffee
86.0,40.0,33.0,26.1387869,52.26311691,7.432322234,136.3027766,coffee
117.0,37.0,32.0,23.1069385,67.06230539,6.787658922,162.57696059999995,coffee
105.0,18.0,35.0,23.52648086,68.44030686,6.743417121,171.8839938,coffee
109.0,23.0,25.0,25.11711046,68.48030408,7.00733163,194.8773479,coffee
80.0,18.0,31.0,24.02952505,58.84880599,7.303033217,134.6803969,coffee
101.0,31.0,26.0,26.70897548,69.71184111,6.861235184,158.86088869999998,coffee
103.0,33.0,33.0,26.71717393,50.50148528,7.131435858,126.8073984,coffee
93.0,26.0,27.0,24.59245684,56.46829641,7.288211994,137.70440469999997,coffee
104.0,35.0,28.0,27.51006055,50.66687215,6.983732393,143.9955548,coffee
116.0,36.0,25.0,27.57847581,58.52534263,6.172090205,156.6810374,coffee
107.0,38.0,29.0,26.65069302,57.56695719,6.35118177,145.105065,coffee
101.0,33.0,33.0,26.97251562,62.0183627,6.908671378999999,142.8610793,coffee
107.0,31.0,31.0,23.17124551,52.97841162,6.766184468,153.12016440000005,coffee
99.0,16.0,30.0,23.52652084,65.44340921,6.392791654,186.1728203,coffee
103.0,40.0,30.0,27.30901814,55.196224,6.3483162570000005,141.48316440000005,coffee
118.0,31.0,34.0,27.54823036,62.88179198,6.123796057000001,181.4170812,coffee
106.0,21.0,35.0,25.627355,57.04151119,7.4285236339999985,188.5506536,coffee
116.0,38.0,34.0,23.29250318,50.04557009,6.020947179,183.468585,coffee
97.0,35.0,26.0,24.91461008,53.74144743,6.334610249,166.2549307,coffee
107.0,34.0,32.0,26.77463708,66.4132686,6.78006386,177.7745075,coffee
99.0,15.0,27.0,27.41711238,56.63636248,6.086922359,127.92461000000002,coffee
118.0,33.0,30.0,24.13179691,67.22512329,6.362607851,173.32283859999995,coffee
117.0,32.0,34.0,26.2724184,52.12739421,6.758792552,127.1752928,coffee
104.0,18.0,30.0,23.60301571,60.39647474,6.779832611000002,140.9370415,coffee
95.0,59.0,55.0,16.5601864,53.11989041,6.89798773,55.8083612,wheat
115.0,52.0,54.0,24.69909852,66.64885282,6.03087674,71.2339111,wheat
87.0,44.0,46.0,19.31945019,55.8245828,6.78713465,111.1852895,wheat
86.0,46.0,47.0,22.85175961,53.99347564,6.68410498,101.4234438,wheat
104.0,41.0,52.0,15.65051593,68.97771075,6.25578619,146.5632033,wheat
112.0,46.0,42.0,19.40152494,52.4407647,7.02634954,99.517691,wheat
81.0,58.0,45.0,18.11711076,60.40136042,6.99378343,104.6710279,wheat
87.0,59.0,56.0,23.9482735,61.95799958,7.40924841,142.1874235,wheat
84.0,44.0,41.0,18.8867729,55.42698064,6.4879955,132.8737509,wheat
94.0,46.0,51.0,23.02196981,51.49101287,6.21138634,148.6886937,wheat
111.0,44.0,40.0,22.06857344,64.58014336,7.22319214,127.1270347,wheat
83.0,47.0,42.0,21.23298127,56.6179605,7.29465514,56.355835,wheat
92.0,47.0,55.0,23.87212743,59.4442985,6.95633621,61.9594246,wheat
109.0,55.0,51.0,19.93795596,60.45465659,7.15645077,92.7541018,wheat
81.0,42.0,41.0,18.14355981,60.17141382,6.95461562,140.7566474,wheat
90.0,48.0,55.0,15.7697991,55.79502906,6.34319725,66.1221287,wheat
117.0,56.0,53.0,23.03672077,53.73140118,7.30719089,139.2558998,wheat
102.0,56.0,58.0,16.10051925,54.55870325,6.47700521,92.7107789,wheat
113.0,57.0,40.0,19.17411003,54.44215621,6.76612095,61.9865367,wheat
94.0,59.0,46.0,22.03018959,57.27259205,6.77818593,147.1782083,wheat
118.0,45.0,50.0,17.84840494,50.73773895,6.45131746,110.9564334,wheat
100.0,41.0,46.0,17.39561891,52.89789744,7.36239883,98.945276,wheat
119.0,45.0,53.0,17.37637544,64.56432697,7.14242942,86.7783133,wheat
105.0,53.0,51.0,23.35302496,56.4156013,6.13543466,68.651851,wheat
82.0,52.0,54.0,20.12093058,54.5299155,6.02488174,114.517279,wheat
87.0,54.0,48.0,16.37520944,56.82132702,7.40509498,61.3473521,wheat
117.0,58.0,45.0,23.172222,61.10401623,6.98997607,102.9650578,wheat
90.0,42.0,58.0,21.33101457,56.78059582,7.35062709,84.9209575,wheat
109.0,58.0,58.0,21.42031646,51.6827993,7.16981332,66.1628714,wheat
116.0,52.0,40.0,21.63501769,50.10123168,6.15220731,66.0808051,wheat
102.0,54.0,53.0,22.12179221,54.74498175,6.33640396,82.5399698,wheat
110.0,53.0,57.0,20.68308603,51.87349536,6.98641934,86.7715803,wheat
91.0,45.0,59.0,23.92046555,62.62277252,6.58964659,129.4811304,wheat
100.0,52.0,50.0,22.22452115,55.61544725,6.29286448,52.4315966,wheat
106.0,44.0,59.0,24.1486439,57.40317401,7.43089287,51.5456617,wheat
117.0,49.0,59.0,23.53009455,55.88897784,7.44542997,88.5097729,wheat
114.0,46.0,43.0,24.36154774,63.92059593,6.83520189,107.006117,wheat
84.0,52.0,60.0,20.18329652,67.54746144,6.21012602,124.0768618,wheat
108.0,54.0,47.0,23.09361155,66.20226789,6.44038777,136.7072319,wheat
117.0,50.0,50.0,21.49963931,64.03933755,7.19744277,129.5792669,wheat
116.0,47.0,48.0,20.78280141,50.71884548,6.14097291,96.5598018,wheat
102.0,46.0,52.0,15.37348189,66.45201121,6.04575037,86.0190641,wheat
85.0,50.0,55.0,21.22890476,51.7069493,6.32373154,55.1681721,wheat
101.0,51.0,53.0,24.75852079,60.32600697,7.089137,82.2956473,wheat
112.0,45.0,49.0,15.25350743,69.25296829,6.11768457,133.5980121,wheat
108.0,48.0,43.0,17.50242898,60.98453329,6.23465556,121.4595923,wheat
106.0,46.0,59.0,20.54354053,62.23441492,7.10684538,91.9600062,wheat
90.0,47.0,55.0,16.16072641,50.92005284,6.02159023,54.0728802,wheat
114.0,54.0,49.0,19.91615875,59.46943542,6.14675124,67.320187,wheat
97.0,48.0,52.0,15.4530401,57.49225229,6.95264048,112.5859916,wheat
100.0,57.0,53.0,15.70568747,62.84838556,6.24440164,52.6511311,wheat
103.0,59.0,52.0,21.43288218,59.16505781,6.58225489,104.5616789,wheat
118.0,48.0,59.0,16.95791135,51.38722602,7.35802596,60.0778001,wheat
81.0,42.0,54.0,18.1897563,66.89750622,6.10678297,52.3271936,wheat
113.0,46.0,42.0,21.28942847,67.54944027,7.04510575,123.5071044,wheat
112.0,46.0,44.0,23.06834739,69.81010284,7.12592213,91.2617677,wheat
95.0,56.0,47.0,23.58412752,58.57988055,7.39613599,125.0871068,wheat
110.0,42.0,58.0,23.26457466,56.40099202,6.75787856,139.5523228,wheat
96.0,40.0,58.0,18.19313638,69.00123934,6.13693002,145.0607147,wheat
103.0,53.0,49.0,18.28664545,63.45036912,6.43981616,125.2374529,wheat
112.0,56.0,42.0,15.5755876,60.99057765,6.74163046,94.1530501,wheat
116.0,47.0,42.0,22.61510632,62.36436127,6.21448752,60.1122676,wheat
83.0,54.0,41.0,22.06242227,51.62697561,7.23279009,58.4837714,wheat
119.0,47.0,47.0,24.47248577,69.72002128,7.21919935,125.3378185,wheat
95.0,42.0,56.0,19.24222009,68.1270877,6.83760637,61.1197482,wheat
100.0,40.0,49.0,16.18817916,52.35052494,6.08445491,114.9210302,wheat
110.0,52.0,59.0,17.85712086,67.37198256,6.56230587,72.3595839,wheat
119.0,40.0,59.0,23.91143114,60.55402218,6.06473987,149.2964796,wheat
83.0,51.0,59.0,21.29398638,63.91497378,6.78464677,95.4541065,wheat
105.0,52.0,58.0,17.8096319,69.00822968,6.06816957,139.0263784,wheat
98.0,52.0,46.0,19.63698405,57.06704456,6.28218174,108.3656112,wheat
83.0,59.0,60.0,20.36096366,56.19055233,7.04724257,131.379502,wheat
107.0,43.0,58.0,24.49799913,64.51439017,7.23380586,111.3415196,wheat
97.0,59.0,57.0,15.26366974,57.52926734,6.06782801,131.0553331,wheat
119.0,43.0,52.0,24.69914398,66.84237846,6.57133628,133.8328705,wheat
99.0,48.0,45.0,23.64722376,66.25802018,6.08456324,149.9717673,wheat
120.0,51.0,55.0,23.49647391,54.94696203,7.41714859,95.0544135,wheat
85.0,59.0,52.0,21.71700684,62.36256481,6.34296421,85.8162718,wheat
85.0,53.0,50.0,20.20163501,67.04363001,7.15847759,105.1906839,wheat
102.0,58.0,48.0,15.28782676,65.10274511,6.20102284,112.0309551,wheat
108.0,44.0,43.0,18.50587559,61.79835374,6.021817,89.2244045,wheat
97.0,58.0,47.0,22.83653013,57.93085565,6.77098423,112.20867,wheat
114.0,59.0,43.0,19.92116293,55.16488777,7.38988144,95.9135756,wheat
119.0,50.0,47.0,17.40145619,51.51726656,6.95010128,62.8879722,wheat
85.0,43.0,43.0,16.81880084,56.91334567,6.96131212,139.678841,wheat
99.0,53.0,43.0,15.40868616,53.37870126,6.28843353,77.8590339,wheat
87.0,42.0,42.0,17.06333718,57.28539722,6.69116815,100.3417271,wheat
108.0,41.0,56.0,15.81759032,67.47157248,6.94185058,142.0872401,wheat
82.0,46.0,56.0,16.84521019,54.18698647,7.12238954,87.0472103,wheat
99.0,52.0,47.0,22.47470938,50.73366406,6.69380207,75.2436944,wheat
109.0,58.0,50.0,16.07172011,58.94824734,6.79817023,103.2617266,wheat
90.0,45.0,48.0,18.22079166,54.22896014,6.0301068,82.7497352,wheat
85.0,58.0,52.0,22.89171239,59.96884398,7.01865348,58.6920288,wheat
101.0,52.0,55.0,16.27580303,55.67551812,6.64748932,86.3082296,wheat
106.0,51.0,47.0,21.05774819,54.74453583,7.47977287,60.1782473,wheat
86.0,45.0,43.0,17.85095169,53.46747191,6.27985054,139.6765425,wheat
83.0,50.0,48.0,16.12038902,57.95711198,7.47356793,146.9470433,wheat
115.0,56.0,45.0,21.6864322,68.58751978,6.25633138,105.6762893,wheat
103.0,46.0,55.0,18.23679236,58.50872877,6.28056562,100.7610379,wheat
90.0,42.0,52.0,20.81238221,53.08725431,6.43294583,98.1140102,wheat
71.0,31.0,33.0,25.6337497,59.79920465,6.70162202,52.5647691,bajra
76.0,33.0,37.0,30.95638741,49.43152377,7.64034179,58.828864,bajra
67.0,39.0,38.0,26.24297223,54.6173495,7.94754037,95.683832,bajra
64.0,31.0,37.0,33.41828777,42.79544753,7.36170967,85.6687118,bajra
64.0,32.0,32.0,31.65197221,50.4613085,7.72186208,55.1181339,bajra
78.0,34.0,38.0,28.76944429,49.25359571,7.15870236,51.0964512,bajra
75.0,35.0,32.0,28.83891221,50.87105722,7.84936186,93.4530478,bajra
72.0,31.0,39.0,28.34905615,42.78544145,7.44156208,85.5817632,bajra
72.0,35.0,39.0,26.5167488,46.23444136,7.68289582,47.3942398,bajra
75.0,30.0,36.0,33.76765637,46.84163497,7.64368803,87.4880113,bajra
62.0,38.0,31.0,32.97295366,42.99834855,7.09593094,46.0475977,bajra
74.0,37.0,36.0,30.42724443,45.03598118,7.54092267,54.1987195,bajra
64.0,39.0,36.0,29.62005804,58.94566679,7.10127713,40.7345982,bajra
72.0,35.0,36.0,33.72123909,58.64236565,6.52716528,69.5593229,bajra
74.0,39.0,37.0,30.7628836,52.13430093,6.72880856,59.689147,bajra
75.0,39.0,39.0,26.13238046,59.69682398,7.17625906,88.7228661,bajra
62.0,39.0,39.0,30.91275436,47.98005408,7.27825709,33.8333147,bajra
67.0,38.0,30.0,28.98168694,50.74791206,7.00024876,94.3898931,bajra
67.0,33.0,37.0,27.24604823,49.04879032,7.17832691,39.8599914,bajra
64.0,35.0,34.0,28.62393899,51.61176701,7.87226885,74.2585002,bajra
60.0,37.0,32.0,26.48662728,48.29248247,7.94160548,35.9744768,bajra
80.0,35.0,36.0,32.4996047,44.19811186,6.60061472,92.8638003,bajra
64.0,32.0,30.0,30.64841133,41.31417279,7.20810042,84.2869332,bajra
69.0,35.0,34.0,30.59640331,43.10480492,7.10114459,42.7349691,bajra
77.0,39.0,34.0,31.43999543,48.17468342,6.90611701,31.7770449,bajra
63.0,37.0,37.0,27.21972162,44.62149593,6.54064399,77.0324921,bajra
60.0,31.0,38.0,31.52746108,44.76365562,6.76781699,36.9608975,bajra
65.0,37.0,39.0,28.9718353,53.36170273,7.7453298,44.3489007,bajra
66.0,39.0,30.0,27.07886255,40.53064408,6.6282628,42.7004805,bajra
72.0,34.0,39.0,28.41817352,45.18846867,7.72616534,56.5784686,bajra
72.0,33.0,36.0,30.52047181,48.72253058,7.11411748,50.6126032,bajra
79.0,38.0,31.0,29.87431198,57.89104454,7.80270196,85.9898679,bajra
69.0,30.0,33.0,31.3347822,45.15775371,7.31245132,39.7549252,bajra
77.0,40.0,35.0,27.72307327,40.36781353,6.75751893,94.0009165,bajra
62.0,36.0,33.0,31.51420388,56.59483607,7.331267,44.449489,bajra
60.0,31.0,39.0,30.97413102,52.01033721,7.81083512,76.5525672,bajra
64.0,39.0,34.0,30.18917705,40.93931934,7.07470779,41.6398358,bajra
75.0,31.0,36.0,28.89295614,45.77387474,6.86802366,54.8970902,bajra
74.0,33.0,36.0,31.63671165,58.73659479,7.2140756,81.2800468,bajra
64.0,30.0,33.0,25.51425813,49.92732494,7.3926169,71.7789994,bajra
67.0,38.0,31.0,32.28188756,49.90982632,6.61270667,78.1881677,bajra
69.0,32.0,38.0,31.94696471,45.44290274,7.69912382,71.3161467,bajra
67.0,31.0,39.0,34.50237354,48.92011546,6.70522795,42.959305,bajra
71.0,39.0,37.0,31.58783367,53.84553129,7.70984172,89.4436956,bajra
65.0,35.0,32.0,34.4405934,40.78853623,7.98150201,79.3902621,bajra
79.0,32.0,36.0,25.33945979,53.94840534,7.87323245,50.8144305,bajra
78.0,40.0,39.0,33.62042651,56.89098797,7.21132132,52.3370331,bajra
77.0,30.0,36.0,26.20566886,41.53906403,6.84501326,78.7402143,bajra
67.0,37.0,31.0,30.39491292,55.8144633,6.97293551,52.3126752,bajra
73.0,39.0,36.0,25.24400782,57.40197748,6.84943921,31.4888588,bajra
77.0,35.0,39.0,34.97934111,47.01423631,7.69817485,83.7031802,bajra
68.0,35.0,36.0,34.84083469,55.36546828,7.81051567,59.2436748,bajra
68.0,37.0,32.0,28.54622158,45.74477983,6.66571117,50.7415684,bajra
65.0,30.0,30.0,29.27773134,47.68653294,7.98158358,77.5753098,bajra
64.0,39.0,38.0,29.17580776,57.58236615,6.6341165,96.1312416,bajra
69.0,36.0,32.0,27.31671701,58.85463548,7.98675294,75.4752654,bajra
72.0,35.0,32.0,27.20486209,43.72876524,6.76479205,84.5709131,bajra
67.0,31.0,40.0,34.27752283,59.89815645,7.82567883,42.1726674,bajra
68.0,38.0,37.0,33.15833125,44.48881144,6.73084386,45.667233,bajra
71.0,36.0,36.0,33.77460863,45.31200085,6.63723026,39.0660445,bajra
78.0,40.0,39.0,31.55241981,51.01714741,7.71427411,36.0890732,bajra
68.0,34.0,33.0,29.95875735,41.62092432,7.58513017,45.4128241,bajra
74.0,31.0,39.0,29.80586577,51.84815569,7.24271979,87.7276676,bajra
67.0,37.0,36.0,33.78629986,55.94852043,6.90054241,76.0916284,bajra
77.0,39.0,37.0,31.97471462,53.60281544,7.75551999,73.3027965,bajra
75.0,32.0,39.0,25.29247283,56.51633501,7.80776529,39.0208907,bajra
67.0,37.0,32.0,33.32134178,50.14935468,7.72695054,30.447011,bajra
66.0,36.0,40.0,27.59803581,52.68011406,7.44772029,67.7989766,bajra
76.0,31.0,38.0,34.62992004,46.83744332,7.31189987,74.2835325,bajra
79.0,31.0,39.0,25.67837059,46.01927134,7.53182858,79.5720462,bajra
61.0,36.0,33.0,25.45742034,57.43073612,7.43137328,98.1442278,bajra
79.0,37.0,31.0,25.24586916,40.44247103,7.63739479,52.6527153,bajra
70.0,38.0,37.0,27.73626666,59.94249,7.16885406,59.8326912,bajra
69.0,32.0,38.0,27.20769613,41.64762091,7.54052334,77.6349511,bajra
73.0,33.0,40.0,29.32334801,58.8723184,6.72658684,59.3809122,bajra
73.0,34.0,33.0,29.09334006,57.88198407,7.97596647,46.0968224,bajra
64.0,30.0,37.0,33.6435825,49.46419813,7.05278952,97.77354,bajra
64.0,39.0,38.0,33.44783228,55.22047982,7.65638277,73.8354225,bajra
63.0,30.0,39.0,32.96537291,49.63044703,7.42497547,38.2115732,bajra
63.0,37.0,34.0,29.91594547,41.28417874,6.80078709,70.7379981,bajra
65.0,38.0,33.0,25.1162054,41.44893776,7.18283022,57.4745489,bajra
70.0,36.0,33.0,33.60122397,55.59701978,7.54247283,32.7733178,bajra
70.0,31.0,32.0,26.42495543,49.97776307,7.97999389,73.2709014,bajra
74.0,36.0,30.0,30.17711643,41.75732998,6.98969196,54.5438852,bajra
61.0,31.0,34.0,30.67540848,53.78929938,6.69907363,86.0410689,bajra
64.0,32.0,31.0,32.06475726,40.6317229,7.45464537,95.5348572,bajra
61.0,35.0,37.0,32.14086932,56.03456166,7.80645369,53.7615135,bajra
76.0,31.0,39.0,33.1729777,49.04636569,7.32138856,75.0504387,bajra
71.0,37.0,31.0,27.47103234,43.1908936,6.59052813,91.0248497,bajra
64.0,40.0,33.0,32.89698507,53.17415551,6.77317687,64.8737002,bajra
71.0,37.0,32.0,34.74793162,53.00651373,7.99450087,43.9679716,bajra
74.0,31.0,30.0,29.62622957,57.36545011,6.88652433,80.9018349,bajra
75.0,34.0,33.0,34.87649564,40.80218383,7.05655814,90.6922047,bajra
72.0,34.0,37.0,33.73423238,58.01403728,7.23000341,59.5204649,bajra
66.0,36.0,39.0,31.22966584,52.6312044,6.81599328,81.3179116,bajra
63.0,37.0,39.0,27.37543325,59.42790188,6.76952466,42.6683867,bajra
77.0,35.0,32.0,29.45305255,50.29634708,7.80612485,55.1463359,bajra
72.0,32.0,34.0,27.58133433,53.13473329,7.95411848,52.7633045,bajra
75.0,31.0,40.0,27.36050463,41.46993495,7.18068431,41.8830534,bajra
70.0,33.0,38.0,27.48714273,52.34289973,7.14633129,79.4744052,bajra
83.0,42.0,40.0,18.63804528,64.49261751,7.10460302,127.5336359,barley
96.0,46.0,49.0,13.11919619,60.39499223,6.30876182,64.5669485,barley
91.0,49.0,40.0,16.52199028,73.67750035,6.18316487,85.2924884,barley
90.0,40.0,41.0,21.65118696,55.09879962,7.47994518,136.1449428,barley
93.0,49.0,45.0,16.8884658,68.33728515,6.77339404,71.1721004,barley
81.0,43.0,47.0,18.73432433,74.39824092,6.30278018,67.5120573,barley
93.0,44.0,49.0,18.92625952,71.76230579,6.26572468,135.5691376,barley
94.0,45.0,46.0,17.70609747,55.60774119,7.30335748,134.4758956,barley
94.0,47.0,42.0,15.93864406,68.02465954,6.98832821,68.5274424,barley
93.0,50.0,40.0,16.06907961,72.41506901,7.46576128,122.5908387,barley
91.0,47.0,49.0,15.27033162,68.35186771,6.60621048,124.6276754,barley
95.0,48.0,44.0,13.20209055,65.88978196,7.22675132,60.4606928,barley
86.0,44.0,44.0,15.88558101,63.97387245,7.04320081,79.0035305,barley
87.0,42.0,41.0,18.68212799,67.38980692,6.90517289,97.0795235,barley
88.0,49.0,45.0,12.25642066,61.82495655,6.71877282,90.4156495,barley
88.0,46.0,45.0,19.64883262,71.25971477,6.91185764,117.4498461,barley
99.0,40.0,42.0,18.47474714,72.96061098,6.01134431,79.4785837,barley
99.0,41.0,49.0,13.01420828,64.71743518,6.52743403,80.5421254,barley
86.0,43.0,48.0,15.11307699,67.20667567,6.80874192,117.2920539,barley
85.0,44.0,41.0,18.81117854,58.62876695,6.27172402,102.0130707,barley
94.0,41.0,46.0,21.62926875,64.67091293,6.38484418,124.479404,barley
91.0,40.0,46.0,18.0161182,71.38377719,7.42710501,130.7365171,barley
85.0,42.0,46.0,20.39861303,73.00046247,6.6165427,88.2737103,barley
85.0,48.0,43.0,16.23738254,68.35099799,7.23392148,67.6428251,barley
92.0,45.0,46.0,19.36873745,72.25594155,6.25202131,77.339184,barley
82.0,40.0,46.0,17.46697413,59.63894192,6.91064105,91.2724797,barley
92.0,45.0,50.0,18.95144554,63.08637536,6.20465963,94.2559692,barley
94.0,47.0,50.0,13.04109649,69.48677634,6.19259143,106.2709534,barley
85.0,41.0,41.0,13.91867325,61.46743124,7.34128631,78.1325122,barley
87.0,41.0,45.0,20.00356508,59.67424164,6.10141885,103.2009532,barley
98.0,47.0,45.0,15.33001913,68.3897391,6.48650063,139.5311489,barley
93.0,46.0,47.0,12.60142343,66.24593632,6.69780842,136.6100228,barley
84.0,47.0,42.0,12.9667645,64.00741873,6.80374153,120.4930663,barley
87.0,47.0,48.0,14.34642082,62.98631832,7.39076673,72.1932811,barley
100.0,49.0,45.0,17.20957977,67.47171376,7.26304994,67.1299546,barley
95.0,41.0,48.0,19.08744698,55.72320761,7.17304213,84.2502685,barley
85.0,44.0,41.0,17.53802241,61.11048621,7.40543673,91.7585214,barley
89.0,46.0,45.0,16.96963483,74.8431603,7.37908796,128.1139966,barley
84.0,49.0,41.0,15.80623293,72.55948641,7.22617456,129.4445352,barley
96.0,48.0,43.0,16.02980179,58.4704903,6.12137892,115.5960871,barley
87.0,50.0,46.0,13.32524673,72.24028965,7.23372085,133.8205752,barley
90.0,46.0,48.0,17.02566076,62.97326056,6.26225794,71.7099194,barley
87.0,41.0,40.0,21.63115112,65.99059072,6.20274943,137.2657729,barley
89.0,43.0,45.0,13.05664684,67.81652629,6.65926753,77.2830546,barley
92.0,47.0,42.0,19.80761586,64.19600848,6.09202444,64.6531036,barley
100.0,41.0,47.0,14.39180104,57.84498737,7.47551839,69.7107952,barley
86.0,41.0,47.0,17.09422128,74.93393708,6.0934377,125.1176216,barley
92.0,43.0,46.0,16.26083384,57.61420753,6.7905622,130.9283372,barley
89.0,42.0,44.0,20.27537896,69.67228761,6.62119463,121.5443915,barley
80.0,44.0,45.0,14.59813209,70.20579646,6.02878842,70.9687765,barley
91.0,42.0,40.0,21.75873755,71.03074224,6.36180219,136.7661315,barley
90.0,41.0,45.0,20.44357083,56.96165162,6.681566,99.059291,barley
83.0,43.0,47.0,15.75888285,62.88952557,6.71402719,96.7557415,barley
96.0,49.0,50.0,15.15406896,68.76269412,7.18035508,95.0082499,barley
85.0,48.0,40.0,16.61477465,67.74402954,7.35264299,112.7483138,barley
98.0,46.0,46.0,17.18408022,58.00338002,6.09997806,118.9947015,barley
90.0,47.0,40.0,19.16323388,56.44168672,6.12718802,65.7005382,barley
80.0,50.0,47.0,14.96535581,61.99406459,6.52987711,121.9722825,barley
93.0,42.0,42.0,18.6030272,70.28745324,6.14759347,81.2037143,barley
80.0,41.0,50.0,19.69223148,67.49327138,6.44316717,90.5551712,barley
84.0,41.0,46.0,18.43904254,65.60604266,7.16195067,63.3560979,barley
99.0,48.0,43.0,18.0188159,66.64845316,7.46995549,119.8458544,barley
96.0,47.0,41.0,21.2808364,59.49231224,6.50740126,89.7733619,barley
89.0,44.0,46.0,14.40692712,57.43002753,7.41461376,75.7976392,barley
98.0,46.0,43.0,20.61369996,71.93028677,7.22392041,133.5141227,barley
85.0,48.0,45.0,19.28490677,70.52894893,7.26299783,112.492947,barley
84.0,45.0,50.0,12.43173736,58.29629631,7.4060821,70.5383019,barley
95.0,48.0,42.0,20.40703028,69.6560309,6.75877904,103.3789764,barley
92.0,45.0,43.0,18.88885302,72.46645832,6.84753299,110.9033083,barley
95.0,42.0,45.0,14.46678865,69.5292343,6.01399743,139.3447961,barley
82.0,44.0,48.0,17.55084949,69.66142592,6.30605345,109.278836,barley
84.0,44.0,48.0,12.05229614,70.2198152,6.83133977,62.8249084,barley
95.0,42.0,50.0,15.26931616,57.97776101,6.55191113,84.4483372,barley
98.0,50.0,44.0,19.22070938,72.72391561,6.67291595,107.4435467,barley
88.0,44.0,47.0,18.19589337,62.10986021,6.0048274,123.5357865,barley
82.0,46.0,45.0,12.64853594,66.59967575,6.96348829,104.918767,barley
91.0,46.0,47.0,14.6982072,71.5009882,7.2074835,99.8604546,barley
82.0,41.0,43.0,19.07680935,70.77229929,7.17734547,101.3815245,barley
89.0,41.0,43.0,12.8860043,59.41223905,6.65102905,107.8580235,barley
95.0,50.0,49.0,16.21248053,67.72354729,6.9638478,122.8521294,barley
82.0,44.0,48.0,17.71872271,66.75538722,6.57574943,74.7581003,barley
87.0,43.0,40.0,20.31697044,60.4614162,6.03628765,101.4463013,barley
86.0,49.0,43.0,20.7273025,71.83867134,6.64448522,74.8881134,barley
96.0,45.0,45.0,12.80601514,69.55878614,6.20021996,99.7168922,barley
89.0,47.0,48.0,18.10225149,57.70708165,6.23836225,120.1100069,barley
93.0,50.0,41.0,14.82187075,60.23411367,6.08558208,79.7583039,barley
98.0,42.0,43.0,16.49739842,70.53421114,7.13909739,65.2292926,barley
90.0,40.0,41.0,13.39245371,65.64841365,7.35965618,92.8876482,barley
87.0,49.0,40.0,21.63394434,66.20336367,6.99568453,134.945797,barley
81.0,44.0,43.0,21.8129709,60.13060125,7.09623145,112.3339681,barley
84.0,46.0,45.0,18.08527273,61.99012744,7.45800799,69.1276628,barley
83.0,42.0,43.0,17.61222788,65.46781823,7.27592409,69.1815097,barley
97.0,47.0,41.0,17.43538217,56.63450691,7.06175265,96.6640513,barley
90.0,42.0,49.0,18.69022337,64.24591122,7.27496306,92.9412433,barley
93.0,45.0,41.0,20.06403617,64.18479755,6.76875397,64.1565262,barley
96.0,42.0,43.0,15.30215065,70.13503011,6.24705953,101.5508688,barley
84.0,49.0,49.0,14.38796211,64.02478688,7.30586764,138.7991725,barley
95.0,40.0,41.0,21.09220206,65.77403596,6.69589707,99.8250006,barley
82.0,47.0,48.0,19.75611851,74.28953308,6.57063001,76.3013167,barley
90.0,43.0,48.0,18.34582418,70.95828319,6.86639005,91.6776378,barley
78.0,35.0,32.0,31.9326135,51.33523354,7.04384868,108.5743406,jowar
78.0,33.0,40.0,26.02015668,48.68449678,6.21106729,111.5191768,jowar
73.0,32.0,34.0,24.83464085,62.64832737,6.92294704,104.2882828,jowar
70.0,40.0,34.0,30.67919999,57.69342547,7.47616548,53.2763916,jowar
78.0,34.0,32.0,29.59755684,55.54799244,6.01891128,97.5482898,jowar
78.0,31.0,37.0,32.58177053,61.38127028,6.28111792,83.2635004,jowar
74.0,33.0,35.0,28.59265197,52.15596531,7.23245535,79.5369958,jowar
77.0,33.0,32.0,32.25978213,47.01274957,7.06802103,59.189929,jowar
63.0,33.0,35.0,30.51147585,57.41857135,7.12323951,68.1899957,jowar
77.0,35.0,40.0,25.26264742,58.52355124,6.95121321,66.0083212,jowar
74.0,31.0,32.0,26.27179557,61.7408225,7.28360589,62.3420871,jowar
73.0,37.0,35.0,26.12644376,45.66378709,6.45796602,64.3157121,jowar
73.0,39.0,39.0,31.88447343,58.29969807,7.14909716,60.8229486,jowar
78.0,37.0,36.0,28.47055544,54.20716542,6.1664842,109.1650888,jowar
71.0,34.0,40.0,28.22548428,45.8404935,6.16608089,99.1923297,jowar
78.0,33.0,39.0,33.10770162,60.07923807,6.43832735,104.3925421,jowar
60.0,40.0,37.0,32.29394665,50.63042397,6.45712664,109.8203072,jowar
62.0,37.0,35.0,26.41893828,45.24808073,6.14480171,77.5014372,jowar
66.0,36.0,33.0,31.43193199,45.96285672,6.44987867,112.2315996,jowar
77.0,37.0,36.0,25.8533018,46.57938324,7.33845375,59.1608136,jowar
76.0,30.0,36.0,32.55696094,55.42891378,7.49315627,45.0912727,jowar
77.0,36.0,31.0,33.09626819,58.38400526,6.14078593,106.3429439,jowar
78.0,36.0,35.0,27.16946588,53.69191922,6.64564112,101.9103725,jowar
72.0,39.0,34.0,30.31307553,56.83394325,6.91063437,96.2107018,jowar
65.0,35.0,31.0,28.87667069,58.04448519,6.57676699,116.0424842,jowar
72.0,37.0,35.0,24.70932216,50.08783162,6.95115605,68.9482475,jowar
69.0,30.0,31.0,33.71532691,51.62694014,6.41522146,78.5632846,jowar
64.0,36.0,33.0,29.16572628,45.11011598,6.31048887,40.6131226,jowar
64.0,30.0,31.0,32.0258568,56.44097287,6.50829097,81.0134181,jowar
66.0,39.0,34.0,30.17066516,47.27676787,6.13063915,67.6178514,jowar
70.0,39.0,35.0,33.92816839,47.6297824,7.05338815,61.978522,jowar
68.0,34.0,34.0,31.14032644,57.15810428,7.3614165,64.7498174,jowar
76.0,40.0,38.0,30.3640137,46.02270763,6.00234766,60.6085776,jowar
61.0,36.0,37.0,27.83838883,54.12473018,6.17173146,69.5242417,jowar
62.0,34.0,38.0,24.80180014,52.09542584,6.1065115,115.3380569,jowar
73.0,37.0,34.0,24.10131184,57.72192093,6.89049119,113.0629558,jowar
72.0,39.0,37.0,33.02453307,46.32887689,6.18083762,82.7173978,jowar
63.0,30.0,34.0,28.86000494,56.54399773,6.44256106,43.4991258,jowar
62.0,36.0,33.0,30.52291649,61.91208726,7.09376023,95.3994261,jowar
69.0,37.0,33.0,31.8898516,53.92839033,6.45947025,103.8704272,jowar
76.0,39.0,39.0,27.18866818,56.64397493,6.64647783,69.6937939,jowar
72.0,37.0,37.0,25.66860202,53.61058677,6.56182933,51.4075315,jowar
78.0,33.0,32.0,30.45822386,57.73804635,6.03817164,67.2483333,jowar
61.0,34.0,33.0,30.05779249,52.29187456,7.01568096,57.4314043,jowar
80.0,35.0,37.0,28.855897,45.5507344,6.21082945,80.4364094,jowar
79.0,34.0,30.0,27.8798676,48.20049873,6.04643369,41.8681677,jowar
75.0,35.0,33.0,25.1613896,64.11837658,7.35012477,65.1173374,jowar
78.0,36.0,38.0,26.88405438,64.22270971,7.47601974,71.1585516,jowar
68.0,33.0,35.0,29.53711485,55.83409625,6.23121756,100.952145,jowar
77.0,34.0,33.0,25.94623837,46.15295164,6.38900235,67.3958383,jowar
65.0,40.0,36.0,29.80467601,47.78393403,6.52091556,75.5234999,jowar
73.0,35.0,34.0,32.80314762,57.46811916,7.49077258,85.5501889,jowar
72.0,32.0,34.0,28.75546037,55.86049168,6.0591893,58.2199789,jowar
79.0,39.0,37.0,32.6996916,47.61304688,6.80007994,103.2407835,jowar
62.0,38.0,33.0,33.44042094,47.97591939,7.31563587,77.0140484,jowar
80.0,35.0,39.0,27.75329908,50.71567111,6.88309728,56.2578473,jowar
75.0,34.0,35.0,29.77279029,62.31154291,6.73848822,118.4591475,jowar
68.0,38.0,38.0,33.56047144,49.00949031,6.86029343,48.7411368,jowar
77.0,34.0,38.0,24.62457594,62.66929526,7.33963531,75.8655244,jowar
70.0,36.0,39.0,28.76843468,58.75444085,6.02867414,97.8165566,jowar
74.0,31.0,33.0,32.04437208,50.57519745,6.53807329,56.8563971,jowar
79.0,30.0,40.0,32.28469299,50.89238793,7.01523195,41.1452222,jowar
75.0,38.0,37.0,31.53427922,60.37845564,6.21427543,92.6832413,jowar
75.0,38.0,36.0,28.8762781,46.55298669,6.13290707,72.6034425,jowar
68.0,31.0,33.0,32.0823521,63.95376052,6.16649715,45.785318,jowar
79.0,35.0,33.0,29.00624268,60.89031089,6.11529311,96.5669182,jowar
61.0,31.0,34.0,26.32384323,50.62008998,6.44293574,104.2786195,jowar
79.0,34.0,39.0,28.76436986,49.52057996,6.48224355,91.2380834,jowar
80.0,36.0,34.0,25.22920678,62.77318161,6.97172617,80.2467161,jowar
69.0,36.0,36.0,30.82617221,49.83863361,6.10766371,97.1162106,jowar
76.0,38.0,36.0,25.42875961,60.50692301,6.78025484,61.7127504,jowar
70.0,33.0,31.0,24.54332035,59.97290468,6.94433655,65.4069436,jowar
60.0,35.0,30.0,31.06976487,46.25379243,6.41425434,107.1470794,jowar
60.0,32.0,37.0,25.01892388,52.20467838,6.47440522,61.6314629,jowar
77.0,33.0,38.0,28.3381742,63.19886288,7.33780822,70.1854443,jowar
79.0,31.0,37.0,27.87648805,57.65423757,6.74072106,96.3085673,jowar
60.0,32.0,37.0,33.66047505,60.22075581,6.99957812,116.0618166,jowar
74.0,33.0,31.0,30.44149221,45.96372025,7.1727358,68.8040373,jowar
79.0,35.0,34.0,26.08882724,52.37414342,6.68654941,69.5850605,jowar
61.0,38.0,34.0,32.50348001,49.23988109,7.23326983,92.5882786,jowar
69.0,39.0,32.0,30.07752122,50.90602955,7.0167198,50.9280723,jowar
73.0,37.0,33.0,27.95130908,59.26413767,6.96724891,55.937222,jowar
78.0,33.0,34.0,25.11512212,55.31723805,6.08713793,61.4074141,jowar
77.0,30.0,34.0,24.19327631,47.48736798,6.50601832,73.091414,jowar
70.0,34.0,35.0,24.09923821,54.28190319,6.89269751,117.0799393,jowar
70.0,37.0,33.0,31.72921482,55.42592095,7.16098707,118.0811059,jowar
63.0,30.0,38.0,25.20207229,50.31165666,7.21073331,41.4041891,jowar
66.0,38.0,35.0,27.71739295,45.02707251,6.52214339,63.9840422,jowar
73.0,40.0,38.0,32.98560605,60.66396827,6.03539245,102.4300899,jowar
69.0,34.0,33.0,26.28235363,49.9320727,6.09854229,78.7261656,jowar
75.0,35.0,31.0,33.42724319,60.70379086,7.4366847,119.3062321,jowar
71.0,40.0,31.0,26.25381268,48.91666168,6.54852112,51.2642359,jowar
72.0,38.0,36.0,32.1112377,57.71909414,6.22044406,71.0532565,jowar
73.0,33.0,33.0,26.90504506,54.39976536,7.37622876,111.211291,jowar
74.0,31.0,31.0,30.3092179,53.95346851,6.01176239,50.7419881,jowar
79.0,35.0,32.0,30.79620333,46.52478436,6.75090536,61.9763052,jowar
76.0,35.0,35.0,24.43899943,48.3149956,6.649224,75.6433311,jowar
64.0,30.0,38.0,31.93142874,62.07569843,7.47178879,59.3581704,jowar
79.0,32.0,40.0,31.11722806,64.62287464,7.49222894,85.5631824,jowar
65.0,34.0,36.0,30.22343265,64.62355674,6.10962234,55.208612,jowar
66.0,34.0,34.0,25.21459639,79.54615816,6.94020341,170.8772249,ragi
53.0,30.0,32.0,26.40615184,73.33200958,5.87101047,99.5239693,ragi
61.0,33.0,30.0,20.09038469,67.14058688,5.51815468,191.1432882,ragi
55.0,31.0,27.0,28.4804209,74.57722885,5.98250498,91.4479133,ragi
59.0,25.0,30.0,21.18502624,65.77769878,6.49365102,127.7403951,ragi
68.0,35.0,25.0,23.71724066,67.84916372,6.64151189,170.5117968,ragi
68.0,35.0,31.0,27.87549086,65.02002767,6.03568174,147.6888835,ragi
57.0,32.0,27.0,29.18239087,62.03607366,5.78738942,140.7149489,ragi
54.0,25.0,25.0,28.66770355,65.64957488,5.76283266,194.0551005,ragi
62.0,29.0,31.0,27.58776254,65.64992132,6.27504758,122.366047,ragi
68.0,34.0,34.0,27.80365503,69.52671467,6.12917199,139.7047823,ragi
54.0,31.0,27.0,28.55030202,64.14151618,5.99734705,88.5389942,ragi
51.0,34.0,30.0,28.10878581,76.71651856,6.11411811,119.862924,ragi
64.0,33.0,32.0,28.75883084,70.78189105,5.72739261,113.8966912,ragi
59.0,25.0,26.0,20.00011635,68.33131657,6.64832013,142.7012217,ragi
51.0,35.0,27.0,23.03942512,64.60833324,5.95629808,80.1768587,ragi
65.0,35.0,27.0,27.41896327,76.96850758,6.49457079,130.7155036,ragi
56.0,28.0,32.0,21.81613968,67.41882016,6.7251692,188.2328236,ragi
66.0,35.0,33.0,25.90637834,73.22028508,6.0897928,89.414698,ragi
61.0,32.0,27.0,25.83772781,79.04443571,6.67094758,85.0906758,ragi
55.0,31.0,28.0,27.59005283,62.05031928,6.57163625,141.6625357,ragi
60.0,29.0,34.0,26.97209382,74.28653271,6.74125948,135.4059373,ragi
68.0,32.0,32.0,22.74071589,76.14141808,6.79253636,103.4288724,ragi
57.0,28.0,35.0,27.01169862,74.54113523,6.78480584,147.4487353,ragi
69.0,30.0,29.0,27.86205652,74.68887864,5.74455301,126.1226046,ragi
51.0,33.0,25.0,29.7025711,68.75322656,6.55554967,108.1968086,ragi
64.0,33.0,30.0,20.51668722,70.09591197,6.95055291,166.2144737,ragi
67.0,27.0,33.0,23.96553682,62.63430057,6.32906061,183.8354911,ragi
53.0,28.0,28.0,26.72702994,75.93362794,6.80712105,110.0561479,ragi
62.0,31.0,33.0,20.12156771,73.48039838,6.85913059,86.2202959,ragi
61.0,28.0,28.0,26.21292449,66.68099931,6.02943776,167.9238861,ragi
58.0,26.0,33.0,24.3276688,73.70887766,5.92863749,119.8947389,ragi
51.0,29.0,34.0,26.71479149,72.64564307,6.4626016,103.8790567,ragi
58.0,33.0,26.0,22.76319108,68.64037855,5.91677916,197.6442489,ragi
51.0,30.0,27.0,21.13303505,68.07202005,6.95601482,168.5461982,ragi
64.0,29.0,28.0,22.64276263,64.10665877,6.09641857,137.9647637,ragi
55.0,28.0,32.0,26.03637201,61.53958934,6.952806,89.0700337,ragi
69.0,28.0,26.0,26.23648778,72.9700964,6.39856688,112.0882433,ragi
50.0,35.0,28.0,27.0662987,72.20014834,6.51403943,117.5488873,ragi
55.0,31.0,34.0,21.05905804,63.09657225,6.92010059,193.3683511,ragi
65.0,34.0,27.0,27.01139594,73.60223771,6.38137881,128.9782029,ragi
50.0,31.0,28.0,29.57581015,67.98070635,6.17538137,180.7761928,ragi
54.0,32.0,35.0,20.08319942,68.67165585,5.65283965,91.115058,ragi
65.0,34.0,29.0,24.34403319,74.46895636,5.88806746,81.0864994,ragi
62.0,31.0,31.0,27.14052723,61.82782973,5.86303312,103.9124404,ragi
68.0,32.0,25.0,22.14406483,65.41612656,5.87256439,109.7071724,ragi
51.0,30.0,32.0,26.72871669,61.62298357,6.41009759,194.1788852,ragi
67.0,33.0,33.0,25.44253966,64.00564036,6.89906576,154.0140329,ragi
65.0,32.0,30.0,23.71112938,78.41533217,5.60268808,150.1338692,ragi
61.0,28.0,29.0,26.66463048,75.74774054,6.84301913,134.5214508,ragi
63.0,27.0,32.0,24.42545515,72.98644649,6.141402,192.3536746,ragi
51.0,33.0,28.0,20.21913329,66.02092156,6.16587918,140.3157491,ragi
51.0,30.0,34.0,27.64440728,68.19342107,5.65808983,158.6208457,ragi
55.0,27.0,27.0,21.85646705,73.2843877,5.60573792,185.8028734,ragi
66.0,32.0,26.0,23.09806875,64.99913893,5.93378117,141.8006792,ragi
61.0,29.0,29.0,27.89292848,66.15591663,6.7428334,189.6546133,ragi
69.0,28.0,29.0,29.41120813,77.52638866,6.25845123,92.3081555,ragi
58.0,31.0,30.0,28.58816771,73.53881566,5.7907946,180.549005,ragi
67.0,32.0,29.0,21.60365406,73.47290835,6.41582013,101.5103907,ragi
64.0,27.0,26.0,20.01992135,74.37479236,5.74792674,167.8881259,ragi
60.0,27.0,26.0,21.65748177,77.8171107,5.52869345,108.984421,ragi
57.0,26.0,27.0,26.07752683,64.90704628,6.27883686,86.9278591,ragi
58.0,27.0,27.0,26.16300486,71.13756886,6.9397942,129.8930124,ragi
59.0,30.0,32.0,21.71693908,70.00225504,6.55321914,129.4349714,ragi
67.0,31.0,30.0,26.05637889,62.34407811,5.67309196,120.4647891,ragi
53.0,32.0,27.0,28.95674778,64.08632767,6.08778906,140.9366077,ragi
58.0,25.0,33.0,24.74255021,71.2135659,5.60356886,155.4111748,ragi
64.0,28.0,25.0,25.35656599,76.72235406,6.58516549,178.5666035,ragi
67.0,30.0,28.0,24.51294113,63.66884393,6.6873373,182.5968823,ragi
68.0,30.0,26.0,28.03537659,78.03548057,6.08173913,104.4167291,ragi
51.0,34.0,29.0,29.68065812,61.33129456,6.31264145,157.7981609,ragi
51.0,29.0,33.0,29.97182354,71.1811857,6.15020835,118.5394583,ragi
54.0,29.0,29.0,23.69574199,69.28477039,5.60307052,166.7285303,ragi
63.0,32.0,25.0,26.61684288,69.67978736,5.8265011,80.6376171,ragi
66.0,33.0,30.0,27.6651505,71.67427175,5.59969499,173.8351973,ragi
65.0,33.0,30.0,26.71157473,72.4094757,5.71048678,169.0703825,ragi
53.0,27.0,34.0,29.08228489,75.17430642,6.6249667,151.6586367,ragi
63.0,34.0,31.0,21.56476716,69.4784244,6.44858699,165.9676534,ragi
55.0,27.0,28.0,22.14912637,68.49701686,5.86225094,188.9406217,ragi
60.0,27.0,26.0,23.82798764,76.43661893,6.54423422,159.1412922,ragi
66.0,28.0,32.0,29.39068479,72.72748563,5.89609298,118.941416,ragi
55.0,27.0,32.0,25.95303266,65.29270054,5.82807342,159.4362734,ragi
66.0,33.0,33.0,20.88384947,73.97897657,5.78158361,124.2016657,ragi
59.0,25.0,28.0,28.79185773,64.86793366,5.55051461,146.8804603,ragi
51.0,32.0,28.0,28.88118189,66.50581237,6.84687878,188.1153075,ragi
70.0,33.0,33.0,25.76702399,61.34511828,5.8735131,91.3901524,ragi
70.0,28.0,32.0,28.58023271,79.95256595,6.70999758,108.9795782,ragi
51.0,29.0,26.0,23.60426827,75.67476502,5.53363883,147.9416829,ragi
56.0,32.0,27.0,27.64353386,72.4748617,5.52157217,171.4763149,ragi
51.0,33.0,31.0,26.24614048,77.28866494,6.34509303,150.4323808,ragi
62.0,35.0,33.0,27.07397,67.78460943,6.16344071,107.4650555,ragi
62.0,34.0,34.0,25.27677466,64.23271797,6.01285792,199.4757331,ragi
70.0,31.0,33.0,25.93158219,61.06695994,6.57265024,134.5717211,ragi
63.0,32.0,29.0,21.67357032,70.00718892,6.91253798,162.9060772,ragi
64.0,31.0,28.0,26.35940327,71.98604232,5.73430985,101.5227212,ragi
64.0,30.0,32.0,21.69728429,60.38289736,6.75605062,173.4923104,ragi
62.0,32.0,33.0,29.60920147,70.71870158,6.7042164,138.6194759,ragi
58.0,27.0,31.0,29.21307512,71.66381609,5.91551879,151.1408217,ragi
57.0,26.0,25.0,20.84565378,72.13693911,6.13500272,185.7167607,ragi
68.0,32.0,27.0,28.86093435,63.9330717,6.79449525,168.4911303,ragi
66.0,38.0,40.0,23.97365866,67.45261067,6.03002601,147.3382619,rape
69.0,38.0,31.0,15.67016538,74.50686267,6.33527905,131.6973907,rape
77.0,39.0,31.0,15.71034889,59.21586203,6.38559759,72.9365777,rape
69.0,33.0,31.0,16.47275564,74.46153596,6.16749109,125.9292507,rape
79.0,34.0,33.0,18.26253918,60.98766747,6.7982932,73.2505992,rape
63.0,33.0,34.0,15.62564842,59.21013879,6.67399421,130.902364,rape
63.0,33.0,39.0,15.82736836,64.6907599,6.15492531,80.2419511,rape
71.0,38.0,31.0,20.0550876,57.88157572,6.58069908,112.3998486,rape
65.0,35.0,31.0,18.06463468,71.44762422,6.45958406,55.6978727,rape
68.0,35.0,37.0,21.67212337,70.54098571,6.57428758,136.2202974,rape
66.0,35.0,38.0,23.89519311,62.42934525,6.98945113,69.5166517,rape
70.0,37.0,35.0,23.38230421,62.22807558,6.48318086,135.9794675,rape
68.0,33.0,35.0,16.26002028,58.92838432,6.76244696,145.1444826,rape
64.0,36.0,36.0,21.44745249,59.59653452,6.48962446,105.2662268,rape
67.0,37.0,31.0,16.85270355,60.57286126,6.57087742,71.87098,rape
64.0,38.0,33.0,24.69926525,66.4252094,6.92712378,64.3001123,rape
67.0,38.0,34.0,20.56784911,71.90241703,6.08701722,129.5926387,rape
64.0,37.0,32.0,23.74071773,59.99337905,6.21820753,76.3247347,rape
60.0,39.0,38.0,22.50265764,58.04097135,6.62732894,95.8323595,rape
67.0,31.0,35.0,15.40059119,60.82921827,6.92073965,70.7540936,rape
65.0,39.0,35.0,22.60575642,58.08984408,6.46629941,98.7265354,rape
69.0,36.0,40.0,18.97865703,71.55106105,6.76944889,67.0708363,rape
61.0,32.0,33.0,21.15129141,73.21211434,6.51058076,100.985401,rape
70.0,31.0,30.0,19.38178613,71.7836079,6.55115996,66.0679585,rape
60.0,34.0,32.0,22.24598287,57.23186,6.04961437,110.83195,rape
66.0,32.0,34.0,18.92093577,70.01539298,6.80144578,62.5486297,rape
75.0,32.0,37.0,24.29144717,62.74645036,6.56578155,56.6165189,rape
60.0,38.0,35.0,17.344256,61.90167491,6.77524405,53.0103872,rape
79.0,37.0,39.0,21.11463611,68.56999937,6.26549641,81.75497,rape
77.0,39.0,39.0,17.7746468,60.63232084,6.73906698,146.336032,rape
60.0,37.0,37.0,24.90108846,61.23758872,6.62268954,83.9971864,rape
62.0,34.0,33.0,23.3457179,73.70969027,6.3433867,68.5733072,rape
67.0,39.0,31.0,16.62790989,66.90425668,6.09236053,65.0472271,rape
79.0,34.0,35.0,19.70960252,68.23827265,6.24665862,125.1177137,rape
75.0,36.0,39.0,22.57048115,56.11211043,6.81740785,50.6877962,rape
64.0,37.0,34.0,23.84586888,72.91125696,6.40240626,140.9175264,rape
66.0,37.0,33.0,16.84632457,61.84215242,6.19060983,92.995762,rape
77.0,31.0,37.0,17.87945343,64.85639169,6.53145491,79.994207,rape
72.0,34.0,32.0,20.46695682,73.04826067,6.11658307,84.3957687,rape
75.0,37.0,39.0,20.66605259,68.14060996,6.82098102,139.8386467,rape
68.0,33.0,30.0,23.009807,57.08909036,6.82655107,107.6857381,rape
69.0,31.0,40.0,15.6723418,66.89694759,6.21469589,123.8866677,rape
61.0,37.0,35.0,16.72523877,66.35948595,6.10326501,79.6357614,rape
79.0,38.0,40.0,24.69723633,63.6246774,6.25967084,84.7518795,rape
61.0,31.0,37.0,17.26521626,67.27940613,6.45792899,75.2858118,rape
72.0,34.0,38.0,19.77350398,62.01638219,6.82069616,86.2559797,rape
76.0,33.0,32.0,19.66693121,64.64264198,6.08468834,134.090871,rape
64.0,34.0,38.0,18.84611076,64.18248047,6.82362361,80.3285891,rape
79.0,31.0,39.0,20.31572153,55.65318122,6.68386645,97.5596192,rape
68.0,32.0,37.0,20.62188811,69.29506553,6.97115091,56.8450453,rape
68.0,31.0,36.0,21.61777732,56.53606097,6.93848216,85.4666205,rape
71.0,34.0,38.0,21.1183102,62.4691589,6.814671,75.5336374,rape
62.0,34.0,34.0,21.58159824,56.40216279,6.67582293,89.5259315,rape
64.0,32.0,38.0,19.19182876,58.36407312,6.04191522,137.9330216,rape
71.0,32.0,35.0,24.58118009,59.40892008,6.73148636,138.6181772,rape
79.0,39.0,36.0,19.03210633,70.04795765,6.62982065,103.1294018,rape
74.0,34.0,37.0,16.46436257,71.65859431,6.82447152,104.0296532,rape
77.0,34.0,34.0,17.51169268,71.88424651,6.91506073,98.4020573,rape
70.0,33.0,36.0,15.39269414,60.43997211,6.3252112,50.6379043,rape
80.0,40.0,34.0,18.45806098,68.42186314,6.72837085,130.5430043,rape
79.0,34.0,38.0,24.90332304,55.51539198,6.26592845,110.3528807,rape
73.0,37.0,31.0,16.81183279,67.45506806,6.93852978,72.2676079,rape
66.0,35.0,34.0,16.70936402,63.36289576,6.1602256,125.7282978,rape
78.0,31.0,34.0,15.16592481,68.23437365,6.10024556,110.2449442,rape
63.0,32.0,30.0,24.74690596,57.70919074,6.83494721,73.1475214,rape
77.0,39.0,34.0,15.39391834,66.47899732,6.05062247,89.2895109,rape
61.0,36.0,30.0,18.06432823,55.80516006,6.78737196,108.8352221,rape
68.0,40.0,35.0,22.09438865,60.42984005,6.27523918,140.4243291,rape
67.0,35.0,31.0,23.3236354,71.11297611,6.42612124,72.4318559,rape
65.0,38.0,39.0,19.50058639,61.74908558,6.09536092,137.0688455,rape
62.0,32.0,38.0,19.92535381,63.84214069,6.05129385,83.4401179,rape
68.0,35.0,32.0,23.05432329,70.2032186,6.57199588,65.3899905,rape
63.0,33.0,34.0,21.79697217,56.13360864,6.40845558,53.4672704,rape
68.0,37.0,32.0,17.59828138,72.72172218,6.64150448,139.5689944,rape
66.0,32.0,34.0,21.72383843,71.52129369,6.24053159,117.3092131,rape
76.0,34.0,32.0,18.60474505,68.4254165,6.73795095,77.0643942,rape
62.0,40.0,32.0,24.77279933,70.87636208,6.98842099,115.9422962,rape
72.0,39.0,33.0,21.19389969,63.22380952,6.46768121,92.7486454,rape
67.0,36.0,39.0,24.34433039,68.78175307,6.20152838,132.3273213,rape
71.0,38.0,30.0,15.40138859,72.79826753,6.81838042,149.1962747,rape
66.0,32.0,38.0,23.65562383,57.05685184,6.25302634,62.5955196,rape
80.0,37.0,38.0,21.7648375,66.88483655,6.32432938,110.315012,rape
74.0,36.0,34.0,22.68581331,59.5254486,6.27592269,119.2354306,rape
65.0,36.0,37.0,15.59943301,57.61947486,6.21871389,110.5996967,rape
77.0,30.0,37.0,19.7852837,73.577191,6.34131865,83.1971505,rape
69.0,30.0,31.0,15.27852241,67.62750652,6.25859159,92.6398357,rape
71.0,32.0,33.0,24.65302724,56.00833547,6.66382447,139.0384321,rape
72.0,36.0,35.0,15.89876852,67.01824011,6.06939409,84.0958571,rape
78.0,34.0,31.0,17.93353421,65.50940615,6.71471883,119.7832786,rape
78.0,38.0,37.0,24.45924644,60.91648195,6.67963318,50.1112094,rape
65.0,32.0,37.0,20.93461383,55.32486886,6.6337116,122.8778054,rape
66.0,37.0,36.0,16.34576267,56.88837795,6.34273093,133.1518333,rape
78.0,36.0,31.0,22.289392,70.59641768,6.40202722,61.8218622,rape
60.0,37.0,34.0,15.1289747,65.80598814,6.25448133,135.1150735,rape
79.0,36.0,35.0,20.48872802,62.59958158,6.08505639,110.7135281,rape
68.0,32.0,31.0,15.96644834,58.53793902,6.31491844,148.7336159,rape
69.0,35.0,39.0,20.82714449,71.24947642,6.9955689,82.6941024,rape
66.0,34.0,37.0,18.15239435,57.66419848,6.68219169,113.2396256,rape
63.0,36.0,37.0,22.53472111,72.45718843,6.7006115,99.9958992,rape
75.0,36.0,32.0,17.84541386,63.86067413,6.02568964,111.7105944,rape
57.0,22.0,21.0,19.08044559,59.5698214,7.44521992,86.8450983,safflower
51.0,21.0,21.0,23.85587684,60.88689775,6.15822514,58.6992634,safflower
53.0,28.0,20.0,24.89310412,55.04623854,6.74719492,64.6216724,safflower
52.0,29.0,28.0,25.30221718,57.2964494,6.87469533,91.2772422,safflower
49.0,22.0,27.0,21.58621582,68.2267838,6.83469696,41.6747294,safflower
46.0,21.0,28.0,21.31352219,63.51325804,7.05316118,71.6749781,safflower
55.0,25.0,24.0,20.508791,52.4089468,7.40209487,86.7634491,safflower
59.0,24.0,21.0,23.05931654,53.23846013,6.5089579,92.6481774,safflower
60.0,25.0,24.0,19.15146178,67.66547203,6.60105625,73.1860524,safflower
48.0,27.0,24.0,18.6144629,66.27446687,6.9723502,115.2403162,safflower
53.0,30.0,22.0,24.01806734,61.63473295,6.71612428,72.1169423,safflower
47.0,21.0,24.0,25.34365676,54.17661871,6.24399122,44.6852244,safflower
51.0,26.0,29.0,21.45480854,66.06023763,6.86547242,83.2223115,safflower
42.0,26.0,29.0,20.96325802,52.86938914,6.59446894,52.1156418,safflower
49.0,26.0,21.0,25.55133617,61.73247837,7.40935288,106.2750937,safflower
42.0,25.0,26.0,25.8346956,55.54138499,7.24297936,115.2704136,safflower
42.0,29.0,30.0,25.22066064,50.80571038,6.26573028,72.433826,safflower
50.0,26.0,29.0,22.81277951,66.19350073,7.00837603,116.0426257,safflower
40.0,30.0,21.0,20.80334753,52.64359316,7.22158017,75.1884512,safflower
53.0,24.0,21.0,27.02403276,57.66430732,6.89919171,57.3066222,safflower
49.0,20.0,28.0,23.88000463,57.06205778,7.23951122,103.9826692,safflower
51.0,28.0,26.0,23.98562993,58.28282136,7.17660821,116.6356688,safflower
51.0,26.0,22.0,23.71607649,53.69676796,6.93847618,44.7669678,safflower
52.0,28.0,25.0,24.66521977,51.60211453,6.34015894,75.3466964,safflower
43.0,22.0,22.0,18.51150206,57.95586882,6.58006059,80.9365958,safflower
50.0,24.0,28.0,23.05696744,51.24082834,6.21799004,45.6924543,safflower
51.0,26.0,29.0,27.5979102,50.97389697,6.83681051,47.8406148,safflower
41.0,22.0,25.0,18.45585158,68.9194178,6.96835827,107.3732301,safflower
46.0,21.0,22.0,19.23283779,60.37123377,6.19041662,59.6677954,safflower
47.0,30.0,27.0,19.42556555,57.6427895,7.423471,84.3785443,safflower
42.0,20.0,27.0,22.1078881,59.79288152,6.96272928,73.23544,safflower
40.0,23.0,22.0,27.56720434,61.9871945,6.14763628,98.2925027,safflower
46.0,24.0,22.0,19.79031637,65.95028091,6.14544851,94.2036644,safflower
51.0,25.0,29.0,20.80600813,56.99875707,6.10910242,102.594065,safflower
60.0,22.0,29.0,20.24657398,57.9866516,7.24593414,72.7738295,safflower
60.0,22.0,28.0,25.30870346,58.40022009,6.50128907,86.268781,safflower
57.0,28.0,29.0,24.92050553,52.79974753,6.08942599,73.2654854,safflower
51.0,24.0,25.0,19.35217314,63.50912091,7.49478946,71.6800773,safflower
43.0,22.0,29.0,27.0704196,69.83065552,7.31940225,56.6652312,safflower
47.0,27.0,25.0,21.57811249,61.87561264,6.6275843,86.0474743,safflower
43.0,25.0,26.0,20.10107193,64.84542785,6.85543041,42.0159276,safflower
47.0,28.0,26.0,24.94953119,61.34781888,6.39174365,103.6994888,safflower
55.0,26.0,25.0,20.61333018,58.38198946,6.19977319,87.943943,safflower
50.0,23.0,20.0,20.85625989,64.69216601,6.74435883,41.9157012,safflower
52.0,29.0,22.0,18.91421992,62.51363825,6.70747424,84.0425344,safflower
48.0,25.0,29.0,18.22564512,67.23329769,6.29444145,86.1693666,safflower
58.0,26.0,28.0,25.49859931,68.26082934,6.64451005,85.7698371,safflower
44.0,23.0,22.0,21.06415449,61.10267574,6.37028554,87.0393304,safflower
49.0,26.0,21.0,19.7182946,60.36154996,6.13168236,57.1195743,safflower
46.0,24.0,28.0,24.4937882,63.37753062,6.0207932,103.8924624,safflower
59.0,20.0,22.0,22.58518562,61.29181278,7.32925694,93.0421763,safflower
54.0,29.0,30.0,20.87221209,67.59504805,7.08023619,43.9376732,safflower
45.0,29.0,23.0,19.38125293,67.18223515,6.33097659,80.0046607,safflower
53.0,22.0,28.0,21.12598025,58.21365266,7.14000832,56.7752222,safflower
60.0,26.0,29.0,25.81890913,65.31717288,6.45507832,95.3324521,safflower
59.0,24.0,21.0,25.293098,61.50121147,7.00756329,56.5454315,safflower
50.0,23.0,24.0,25.45214743,54.64449382,6.96782786,72.4260289,safflower
45.0,22.0,28.0,21.70232186,65.02557849,7.36387904,111.7596231,safflower
57.0,22.0,30.0,21.39240661,51.24862655,6.56501466,78.8938923,safflower
42.0,22.0,23.0,26.7548865,56.04932635,7.21323949,108.6958497,safflower
57.0,28.0,21.0,27.45024065,63.65080958,7.03548427,66.5293479,safflower
50.0,26.0,25.0,21.12064045,66.04792061,6.17992941,108.9134437,safflower
43.0,30.0,23.0,25.51825146,66.23892469,6.99347061,115.6599762,safflower
46.0,29.0,21.0,25.4197773,63.55446482,7.05756136,60.1851789,safflower
57.0,22.0,21.0,22.75475715,66.9819604,7.07619749,70.6717713,safflower
43.0,28.0,25.0,25.20383999,60.22227277,6.28379369,88.3450386,safflower
49.0,28.0,28.0,19.05401377,66.77707724,7.06408323,93.6810384,safflower
54.0,24.0,29.0,19.12590467,58.15556069,7.0880574,110.910429,safflower
41.0,30.0,27.0,20.70559256,54.97583577,6.94706397,115.3646576,safflower
46.0,28.0,24.0,18.10715298,60.88514674,6.20888111,118.0623055,safflower
47.0,24.0,23.0,22.40664883,67.59829253,6.78081576,80.4416633,safflower
50.0,21.0,30.0,18.73364067,63.26292498,6.37495934,87.6293096,safflower
48.0,24.0,28.0,26.20253319,62.97494228,6.29356896,73.5175819,safflower
49.0,23.0,28.0,21.20854543,61.92100232,6.76931211,119.6587562,safflower
49.0,29.0,23.0,20.04242106,58.37390287,6.08209906,57.5707943,safflower
40.0,29.0,28.0,19.67814596,52.40727152,7.11343835,45.40838,safflower
54.0,29.0,24.0,23.12392821,56.97663815,6.17871101,69.9859939,safflower
52.0,27.0,21.0,27.94330303,54.65456698,6.05338535,44.306442,safflower
44.0,20.0,24.0,21.4124445,58.88366814,7.20360268,94.0469419,safflower
50.0,29.0,29.0,25.78046306,59.214672,6.01486604,119.1072433,safflower
50.0,30.0,28.0,23.38394979,69.84271279,6.37290733,108.6024486,safflower
42.0,27.0,23.0,22.03480969,54.69508843,6.01047339,105.5095416,safflower
47.0,28.0,20.0,20.41165214,54.67134722,6.46172873,45.4549296,safflower
44.0,26.0,23.0,21.7686688,67.5180985,6.62609217,112.4239199,safflower
50.0,23.0,21.0,18.60226945,55.95300555,7.43010432,63.8452961,safflower
46.0,22.0,28.0,24.34906659,52.47692053,6.18374679,45.642851,safflower
58.0,22.0,28.0,18.7785652,69.10896383,6.81694631,59.7568934,safflower
57.0,22.0,29.0,23.11780457,65.38885159,6.01984322,114.7836414,safflower
58.0,28.0,29.0,20.84184296,55.7793705,6.29882953,70.1643145,safflower
48.0,25.0,22.0,19.67566539,56.20616964,7.03687,80.2676104,safflower
56.0,27.0,26.0,23.47045346,51.74893004,6.23365989,70.1890541,safflower
48.0,20.0,23.0,27.53632608,57.04654109,7.4334742,43.4480087,safflower
44.0,24.0,29.0,25.63515844,52.17365079,6.2117986,118.5006062,safflower
48.0,28.0,23.0,19.92016085,52.92042039,6.94150332,115.0451312,safflower
58.0,29.0,26.0,18.69036937,56.69578084,7.21240232,65.09625,safflower
53.0,24.0,21.0,26.14383921,57.64246989,6.89470061,50.5814972,safflower
44.0,22.0,23.0,24.00945485,63.92159723,6.96419261,69.0001588,safflower
56.0,22.0,25.0,19.80158648,52.19726227,7.20140808,110.6947174,safflower
47.0,27.0,20.0,21.16101312,51.11481707,7.03507033,88.7850209,safflower
45.0,24.0,21.0,20.97977235,51.79519001,6.22074488,112.8661012,safflower
20.0,50.0,22.0,31.2605956,63.23389107,6.46151863,244.874848,arhar
24.0,55.0,31.0,27.53993256,70.69118438,7.32671809,129.3187001,arhar
23.0,58.0,27.0,29.59823658,66.77646965,6.55812338,242.809367,arhar
35.0,52.0,38.0,24.57062692,69.30072668,6.07440886,134.0467809,arhar
35.0,58.0,28.0,31.61550732,68.89704866,6.5131989,173.3572601,arhar
27.0,58.0,31.0,30.11806718,66.83698084,7.14326188,165.0541497,arhar
37.0,47.0,36.0,28.23210373,74.83254575,7.41148848,220.7645968,arhar
37.0,48.0,21.0,28.7375623,69.00700772,6.60281441,212.3444726,arhar
27.0,53.0,24.0,27.45695969,64.08128777,7.12405415,143.786676,arhar
35.0,50.0,24.0,29.1512502,79.14269665,7.45090679,164.0657568,arhar
30.0,58.0,31.0,24.52172877,68.93452937,7.06091837,118.5174799,arhar
24.0,40.0,21.0,24.42353695,73.26621419,7.46592573,225.8649548,arhar
31.0,43.0,35.0,29.31250589,75.39493246,6.90037712,246.3115552,arhar
31.0,47.0,33.0,30.97397318,62.38762023,6.10266106,149.1764257,arhar
36.0,52.0,28.0,30.54547393,66.80008772,6.71015349,230.4474527,arhar
22.0,56.0,37.0,26.30346532,63.30999549,6.27272648,205.9906193,arhar
31.0,53.0,24.0,22.41497326,66.4413507,6.31761879,183.9616992,arhar
37.0,53.0,29.0,29.19245201,78.60330406,7.42968017,179.138196,arhar
25.0,41.0,35.0,25.02775128,70.64941816,6.1819545,184.6624882,arhar
32.0,43.0,28.0,31.69818865,74.55262275,6.92579134,238.3905636,arhar
35.0,52.0,24.0,28.23379566,72.04938341,7.00002848,173.4678802,arhar
31.0,47.0,30.0,30.05174397,63.71553909,6.29633386,112.7449435,arhar
29.0,53.0,29.0,27.58171184,66.94004671,6.4151312,239.9301535,arhar
38.0,50.0,27.0,22.36712943,69.49538012,7.10569862,150.4485091,arhar
38.0,40.0,31.0,26.85017988,61.7080606,7.11099537,245.8692085,arhar
30.0,52.0,25.0,26.29149492,61.49791684,6.72524713,115.924053,arhar
37.0,45.0,24.0,29.68747131,61.23893037,6.75736718,186.5211879,arhar
22.0,41.0,21.0,23.17972484,60.90302729,7.25124616,165.6849831,arhar
37.0,45.0,28.0,26.49078514,71.55226161,6.0598838,185.6360581,arhar
27.0,46.0,22.0,22.99494669,75.33191889,6.55019748,244.9411447,arhar
39.0,57.0,32.0,24.85205803,72.6154084,7.05129855,168.3474324,arhar
30.0,55.0,26.0,31.24641791,61.1244859,6.47705942,172.8451448,arhar
38.0,52.0,31.0,25.43275489,77.04096832,6.37461627,183.8827198,arhar
30.0,42.0,20.0,25.76986167,72.06426124,7.44552778,111.957261,arhar
34.0,59.0,32.0,27.81721527,75.32694426,6.18917298,160.9624805,arhar
38.0,53.0,38.0,23.31287972,66.19383422,6.93525797,130.2692422,arhar
38.0,55.0,34.0,23.84044772,75.12902176,6.45144948,171.1236919,arhar
25.0,52.0,21.0,26.68556995,62.95916668,6.48925538,247.6981716,arhar
24.0,43.0,24.0,26.25505659,71.3083188,7.1535917,103.1513735,arhar
21.0,49.0,36.0,22.86706568,70.76726204,7.32785832,236.9844529,arhar
28.0,57.0,23.0,29.51423318,78.82668786,7.40309173,201.492585,arhar
27.0,59.0,26.0,29.00808418,75.30632599,6.49825878,239.4105226,arhar
24.0,56.0,35.0,25.87223141,65.65530914,6.09569183,145.6735637,arhar
40.0,53.0,34.0,25.77201782,76.03680337,7.46492646,165.1796445,arhar
37.0,44.0,39.0,25.26220507,75.12384468,6.32815756,159.0632712,arhar
32.0,49.0,35.0,22.58457987,65.99858795,6.34249688,171.1462997,arhar
23.0,47.0,28.0,27.83307248,77.68686856,6.08608777,122.7614369,arhar
32.0,53.0,28.0,26.10731543,70.09274576,7.05164638,101.1029567,arhar
34.0,53.0,21.0,31.79031841,68.41473125,6.55237516,175.2918108,arhar
38.0,54.0,32.0,30.64366266,69.13776143,7.19670702,171.2662547,arhar
28.0,59.0,34.0,30.62959623,69.61119882,6.1248346,110.313086,arhar
31.0,48.0,38.0,30.26464609,71.15377382,6.30599191,108.1915455,arhar
39.0,50.0,26.0,30.57857784,66.09806249,6.70411026,128.9014595,arhar
23.0,46.0,36.0,24.27481604,63.32369999,6.70743955,149.9094215,arhar
39.0,47.0,40.0,23.79163918,77.82280184,6.72784568,169.053306,arhar
34.0,60.0,21.0,29.20456741,65.63650007,6.14504184,127.6452095,arhar
21.0,40.0,35.0,26.67720616,72.1179363,6.20165014,164.2527701,arhar
21.0,56.0,20.0,30.93304494,68.65679842,7.14283484,180.331371,arhar
30.0,48.0,38.0,25.35816365,72.30139508,7.34090027,239.0361343,arhar
39.0,50.0,29.0,31.58871873,62.85628609,6.41804147,186.9744364,arhar
26.0,46.0,28.0,22.54966307,71.57083636,7.4981894,112.3858237,arhar
23.0,49.0,30.0,25.16457131,61.73934041,6.38818861,145.4829676,arhar
39.0,59.0,27.0,31.09595391,60.12367645,6.8562809,221.6025356,arhar
39.0,42.0,23.0,27.37540144,60.28393269,7.44111945,138.6447998,arhar
29.0,54.0,35.0,24.87511199,70.76440204,7.49313227,179.9985322,arhar
28.0,43.0,40.0,26.98333028,72.06490845,7.27997578,134.089158,arhar
31.0,54.0,30.0,28.11341656,67.41947425,7.48542776,215.8228041,arhar
23.0,48.0,27.0,29.81779826,69.68346064,6.64771064,219.1021675,arhar
32.0,47.0,36.0,24.2438298,70.09005848,6.35743451,139.1273869,arhar
20.0,53.0,30.0,31.66968515,71.42398368,6.66827672,229.5147367,arhar
23.0,51.0,37.0,29.18014178,67.44087136,6.87465864,113.8674276,arhar
29.0,48.0,37.0,31.66734228,79.1627624,6.36599295,137.1447465,arhar
27.0,58.0,39.0,25.20997046,70.52188027,6.66515865,203.165381,arhar
25.0,55.0,21.0,25.86287705,67.06946384,6.07394174,147.3449823,arhar
30.0,46.0,24.0,31.74904273,68.22226834,6.46420432,166.7069165,arhar
32.0,60.0,25.0,29.15984694,72.14648834,7.02192317,113.2867509,arhar
34.0,41.0,32.0,24.10969891,76.83244015,7.10937177,104.5530708,arhar
37.0,49.0,24.0,31.53307168,61.45331175,6.20066722,129.864013,arhar
27.0,52.0,31.0,24.89727984,64.77503542,6.18846524,132.0314282,arhar
28.0,54.0,24.0,25.90917427,79.52913059,6.55001832,243.1999535,arhar
36.0,45.0,21.0,24.66794549,70.118516,6.47535621,216.6591865,arhar
37.0,57.0,27.0,25.12834198,61.21811086,7.03085152,205.2347898,arhar
20.0,48.0,27.0,29.66245473,66.08189272,7.04006631,221.7440522,arhar
26.0,49.0,35.0,31.87368472,64.50322048,7.03938034,199.347687,arhar
32.0,58.0,23.0,27.68268616,65.4933174,7.12769725,171.1652371,arhar
27.0,52.0,38.0,28.31722418,70.37495694,6.85395748,107.674826,arhar
25.0,50.0,26.0,27.04132842,66.45619587,6.2726454,138.7161465,arhar
29.0,43.0,39.0,29.07620586,62.12427655,7.30155315,216.3815882,arhar
36.0,55.0,22.0,30.34324796,71.54706802,6.96586194,196.9611063,arhar
29.0,51.0,21.0,22.81447213,68.70029189,6.95844453,143.8982647,arhar
31.0,43.0,34.0,23.6335445,62.08626175,7.19251731,121.8273224,arhar
38.0,51.0,29.0,28.49556007,77.35999184,6.16006773,224.2278804,arhar
33.0,42.0,22.0,24.57479216,62.71322934,6.07396348,139.007206,arhar
28.0,59.0,32.0,29.10351501,62.25006261,7.25246068,210.388061,arhar
26.0,53.0,27.0,24.63551479,65.58260942,7.49650839,239.6008383,arhar
20.0,54.0,35.0,31.74439311,79.51203838,7.25456787,109.7915136,arhar
36.0,53.0,33.0,28.50187166,79.64965161,6.19252489,236.7727854,arhar
29.0,41.0,27.0,29.01499101,69.18687311,7.23958547,108.2652303,arhar
29.0,49.0,39.0,25.11652917,70.50636529,6.96162916,109.9082962,arhar
39.0,47.0,30.0,28.8251173,73.24464317,6.53292596,207.2983466,arhar
25.0,46.0,23.0,18.39797127,66.95364671,6.98326496,138.2726296,gram
38.0,49.0,29.0,24.70765025,71.42518841,6.11545377,82.0189549,gram
28.0,57.0,38.0,23.50570635,58.84986301,6.36476997,69.1690888,gram
38.0,56.0,35.0,26.43728793,63.76088152,6.07314948,90.8155611,gram
31.0,42.0,35.0,19.86590097,58.764644,6.87365262,76.5823786,gram
21.0,52.0,37.0,18.49004645,66.45540553,6.02624732,133.7546117,gram
27.0,47.0,32.0,18.26608366,69.70457036,6.41131933,116.3084922,gram
32.0,55.0,34.0,21.52481047,57.52220283,6.30882298,71.6871312,gram
34.0,57.0,39.0,19.84101323,57.11300691,6.94252068,133.1565874,gram
32.0,52.0,36.0,26.34458253,56.12427811,7.05491584,127.2768573,gram
37.0,46.0,33.0,27.57971066,55.66847145,6.4712431,112.1813559,gram
23.0,54.0,24.0,22.94370811,73.296699,6.35307489,79.0542935,gram
23.0,55.0,30.0,19.46614557,67.91855786,7.36767767,80.9591232,gram
23.0,54.0,32.0,21.09462576,63.95943313,7.13224119,96.4924509,gram
40.0,46.0,26.0,23.64594081,60.04645489,6.53182231,142.3760946,gram
25.0,58.0,22.0,27.06985518,58.37498877,6.98484405,147.1494264,gram
29.0,59.0,34.0,19.88302525,61.07470092,6.4523803,68.3715668,gram
23.0,42.0,28.0,19.41383554,57.60640866,7.19336756,117.9086055,gram
24.0,42.0,23.0,26.21471253,62.08129125,7.38559709,119.0238691,gram
31.0,54.0,34.0,20.66101369,55.78012842,6.94310102,101.0010104,gram
38.0,51.0,37.0,19.63616204,68.83555278,7.48743651,120.6864216,gram
40.0,60.0,34.0,25.98555838,57.14058268,6.36542219,130.2629374,gram
38.0,48.0,33.0,22.37765055,61.20741778,6.6452141,128.5916658,gram
39.0,59.0,23.0,25.37431441,60.05674801,7.31211547,66.0556152,gram
25.0,58.0,33.0,20.57152351,69.38776311,7.08158199,62.5309356,gram
28.0,53.0,23.0,20.35031299,68.04562226,7.23450536,96.4677428,gram
32.0,42.0,20.0,20.69630009,71.39354006,7.36434664,149.941527,gram
24.0,45.0,33.0,27.15814348,65.0575104,7.44817295,131.5599254,gram
23.0,60.0,39.0,20.99423125,57.00309995,6.24559344,84.4545839,gram
36.0,48.0,22.0,27.81383334,67.59367191,6.51333829,97.4544852,gram
23.0,60.0,36.0,18.70068696,56.13251115,6.42221595,70.8340335,gram
32.0,59.0,30.0,22.4588662,69.17167092,7.26441822,125.8685464,gram
23.0,47.0,33.0,21.61540188,65.69598933,6.10604491,149.6602044,gram
29.0,56.0,29.0,23.95414802,72.73190883,7.19458608,96.9848297,gram
32.0,53.0,28.0,18.93559407,55.33343101,6.21646807,138.6180838,gram
25.0,44.0,35.0,23.06044692,58.25022131,6.48002417,146.3771149,gram
37.0,57.0,28.0,19.43876155,55.17238005,7.14354182,61.7975639,gram
32.0,49.0,30.0,22.2268662,69.36136322,6.01119471,99.8424332,gram
35.0,45.0,36.0,20.10763099,59.73440952,6.88264686,116.5227418,gram
37.0,48.0,25.0,24.69268292,63.96170975,7.30051741,103.9110176,gram
24.0,53.0,27.0,22.80183515,64.71771212,7.49346777,110.9266609,gram
38.0,56.0,29.0,23.86235499,64.84734097,7.0780489,77.3084196,gram
29.0,45.0,38.0,27.52264015,65.6611058,6.50311022,116.8389941,gram
31.0,43.0,28.0,24.22954044,63.9374839,6.14871917,130.0186474,gram
24.0,43.0,28.0,25.10421815,63.3784725,7.38987807,106.5544953,gram
22.0,60.0,33.0,23.85808394,57.18964732,6.4281061,146.9253002,gram
23.0,53.0,25.0,25.76821367,68.46839458,7.07634207,115.3049514,gram
38.0,42.0,27.0,27.88013962,62.78779559,6.37243122,125.9351429,gram
34.0,44.0,25.0,22.11127278,59.68650131,6.42192685,61.7686334,gram
38.0,59.0,27.0,18.07091813,68.60501377,6.50776032,134.2895906,gram
23.0,43.0,36.0,18.44860558,67.45093981,6.92443612,87.8025951,gram
27.0,55.0,36.0,27.47152936,63.12925436,6.60053494,129.4652432,gram
30.0,58.0,38.0,27.36493331,71.51069683,6.13112521,131.2179643,gram
24.0,56.0,37.0,27.52260078,55.99720293,6.4337255,73.4918328,gram
31.0,52.0,33.0,27.60366775,55.89176185,6.02545369,72.8755757,gram
20.0,51.0,39.0,26.22657468,55.26562407,6.99892075,108.7813769,gram
29.0,50.0,21.0,23.03220415,70.302977,7.02665304,103.6761571,gram
23.0,53.0,23.0,24.13116239,58.14407767,7.30859185,146.6104252,gram
30.0,41.0,33.0,26.03693452,71.35644147,6.37979836,148.105262,gram
30.0,49.0,35.0,23.46915514,65.924952,6.19870598,68.0525811,gram
28.0,57.0,37.0,18.90720883,60.25390954,6.1488565,138.7289456,gram
23.0,54.0,22.0,21.56067299,70.77827926,6.93470678,81.0321404,gram
33.0,45.0,34.0,19.26801799,72.33191377,7.31051705,113.4217729,gram
23.0,49.0,23.0,25.58868134,57.11593041,7.05052183,105.5525867,gram
36.0,59.0,30.0,23.3568897,62.88380989,7.42541884,136.3382816,gram
30.0,49.0,30.0,26.31941542,63.07039985,7.2701775,89.9969874,gram
30.0,51.0,25.0,22.86482766,61.68091097,7.19093263,69.6138894,gram
25.0,59.0,26.0,22.60672792,61.14175487,6.25328893,63.1643325,gram
26.0,51.0,31.0,22.47302756,74.31035836,6.53483838,93.961363,gram
25.0,45.0,29.0,20.05988184,69.18592254,7.13928022,61.9034841,gram
28.0,56.0,27.0,20.04979233,69.83990782,6.84560565,64.7051193,gram
37.0,44.0,37.0,25.22683574,61.38450596,6.52879386,141.5320504,gram
23.0,44.0,30.0,19.95980185,73.87532764,6.12290766,147.8840695,gram
28.0,58.0,31.0,25.02398721,68.17803613,6.4046137,149.0212787,gram
25.0,53.0,21.0,18.03918375,74.98921362,6.17046906,132.2046327,gram
36.0,50.0,26.0,20.84674739,62.51942444,6.22689643,128.0679087,gram
31.0,42.0,20.0,22.10498714,73.66385834,6.15349827,117.3662233,gram
36.0,49.0,27.0,26.75933022,70.66320058,6.16260056,75.1306288,gram
30.0,50.0,33.0,23.79771442,65.80434534,7.41928034,64.529064,gram
21.0,44.0,21.0,25.23330304,57.72112469,7.11502934,135.2471011,gram
23.0,46.0,25.0,20.54663766,64.77901853,6.55846065,96.6667093,gram
40.0,41.0,23.0,24.25841195,56.09018555,6.07923884,135.2795764,gram
30.0,51.0,31.0,19.97690303,61.37634646,6.25622056,113.4146774,gram
24.0,42.0,39.0,26.02697405,70.76070299,6.03297272,86.7492702,gram
23.0,43.0,34.0,25.82745674,73.74962345,6.96420989,122.2734627,gram
23.0,45.0,37.0,18.72522317,69.06560108,6.31395911,96.227372,gram
38.0,53.0,22.0,20.58557264,61.74424981,7.42178485,96.2034372,gram
21.0,50.0,22.0,21.50709788,70.45680167,6.60145549,132.285346,gram
23.0,47.0,27.0,25.98453505,69.14456657,6.22711567,77.1343608,gram
27.0,42.0,33.0,27.85934169,70.61364149,6.18205789,95.1214695,gram
32.0,58.0,31.0,21.78703356,71.8628973,6.26174773,117.9791714,gram
33.0,57.0,38.0,18.94849193,65.88252004,7.37968886,126.6458569,gram
35.0,52.0,23.0,25.20111334,56.72271543,7.19613083,101.7428842,gram
23.0,47.0,20.0,23.49876921,67.39165186,6.6004948,119.7141311,gram
37.0,44.0,22.0,19.56612815,74.49520163,7.27730576,135.8284406,gram
30.0,60.0,22.0,24.38224415,62.00013737,6.45459864,143.5535297,gram
21.0,51.0,32.0,20.55666223,62.29132855,6.97909219,135.9312477,gram
24.0,57.0,31.0,25.13607366,59.15022991,7.14328127,111.1931463,gram
37.0,49.0,39.0,19.42785637,62.7886936,6.67832265,145.6532166,gram
26.0,57.0,38.0,18.83257658,69.49115818,6.52527979,88.0361069,gram
36.0,39.0,25.0,18.82363331,68.86254691,6.66686411,76.3333328,masoor
27.0,41.0,28.0,20.24254721,73.41454651,6.04265247,68.8607612,masoor
26.0,49.0,27.0,21.47720054,60.58598886,6.36578001,93.2672076,masoor
30.0,41.0,24.0,16.93339234,79.01489426,5.62221085,78.6089694,masoor
29.0,31.0,20.0,20.38094664,70.17411968,6.57577217,67.0187171,masoor
35.0,33.0,22.0,17.86279862,64.94925962,6.19106826,95.1666351,masoor
33.0,46.0,24.0,17.73666385,79.60010926,5.60962764,91.7381003,masoor
34.0,30.0,25.0,20.69230212,78.41541699,5.55629299,117.7893391,masoor
31.0,39.0,29.0,15.6489928,69.31451155,6.51041475,66.8171513,masoor
29.0,39.0,26.0,16.64270449,70.07438869,6.03515574,108.1142019,masoor
33.0,37.0,29.0,17.09348399,60.7883517,6.86831136,101.8916096,masoor
37.0,49.0,29.0,20.30052339,60.55682103,6.40080215,67.2659513,masoor
29.0,43.0,26.0,17.79766931,71.29905215,6.61395398,56.169957,masoor
28.0,45.0,27.0,17.77891126,69.96378598,6.98596411,73.067129,masoor
29.0,47.0,27.0,17.03511108,77.46722236,6.82366179,54.1833592,masoor
38.0,37.0,23.0,24.40690188,60.95562729,6.26813287,74.6561683,masoor
37.0,38.0,22.0,18.85552501,78.30832403,6.13719127,103.3354063,masoor
30.0,50.0,25.0,17.62274322,68.7214096,5.58735675,60.9831837,masoor
39.0,45.0,23.0,22.21449157,78.82557858,6.3862068,111.7144744,masoor
30.0,45.0,26.0,16.14741958,62.52275316,6.32905584,87.0673531,masoor
25.0,30.0,27.0,20.95276841,70.78387588,5.5487299,117.8170283,masoor
30.0,31.0,26.0,24.96849284,68.60686347,6.76164426,72.420912,masoor
38.0,34.0,26.0,15.41082365,66.94576949,6.10857164,68.5659966,masoor
34.0,49.0,23.0,15.55359817,70.7624202,6.71719891,54.9385045,masoor
39.0,45.0,27.0,21.47519796,79.37888794,6.73584457,99.9770564,masoor
38.0,40.0,21.0,16.26872828,71.84986958,6.29226658,83.7745142,masoor
32.0,30.0,22.0,24.50503562,67.67218081,6.23699565,79.7060418,masoor
34.0,42.0,23.0,17.17699799,79.32042918,6.11622459,59.1444067,masoor
27.0,31.0,22.0,17.01175232,61.60126805,6.67070671,83.2117226,masoor
20.0,32.0,28.0,24.1513882,77.09030872,6.65721002,97.8222894,masoor
21.0,46.0,28.0,20.08479035,64.65803677,6.69862322,109.1730983,masoor
35.0,50.0,22.0,17.1179815,75.85079535,5.83849687,63.0835108,masoor
21.0,50.0,20.0,18.65366842,76.8323092,6.75286609,88.8234344,masoor
38.0,49.0,20.0,17.5035873,73.38630833,5.61311826,112.1790538,masoor
29.0,42.0,22.0,24.67328111,65.37197866,6.70745025,84.6378166,masoor
22.0,41.0,25.0,19.42066213,66.68209304,5.71665473,86.5281613,masoor
32.0,30.0,28.0,18.66286386,61.05871871,6.56952144,102.8452778,masoor
39.0,35.0,23.0,20.76936123,63.09682789,5.77571933,74.933576,masoor
34.0,41.0,24.0,20.62110883,60.11729456,6.1303744,55.4956908,masoor
38.0,32.0,27.0,17.70683604,67.40982874,6.88005725,89.8244984,masoor
38.0,49.0,27.0,21.69154156,68.20607444,5.62992964,82.94907,masoor
21.0,34.0,28.0,18.01662242,67.68038148,6.18093825,109.8079659,masoor
35.0,35.0,21.0,24.20756451,71.63177676,5.87799733,87.3436146,masoor
32.0,37.0,28.0,16.16747903,62.5813025,6.28492937,87.5801403,masoor
39.0,36.0,29.0,17.47812443,60.72681497,6.64614338,57.1293086,masoor
35.0,34.0,24.0,22.25468168,62.26462447,6.25254875,78.4456484,masoor
30.0,41.0,28.0,23.07831452,73.85756855,5.75751729,88.910957,masoor
34.0,38.0,21.0,20.24672307,72.78749601,6.49864786,73.6599147,masoor
38.0,42.0,21.0,22.56356055,75.88269123,6.17470599,84.6217937,masoor
38.0,35.0,24.0,23.96256716,73.71425538,6.84789537,110.1286383,masoor
22.0,47.0,23.0,17.39369836,68.35937016,5.76749727,67.5834403,masoor
26.0,33.0,23.0,19.41853708,66.93437522,6.35842572,102.251649,masoor
38.0,45.0,23.0,16.51980182,62.60635976,6.61666325,74.1938926,masoor
36.0,35.0,21.0,23.58744969,72.67566569,5.6975643,67.7240814,masoor
31.0,41.0,27.0,23.64402987,66.18737124,5.84978133,98.5892158,masoor
20.0,37.0,24.0,15.72736262,75.80262747,6.31522664,65.2446561,masoor
34.0,46.0,26.0,21.61860312,67.11059594,6.61132481,106.6200977,masoor
26.0,41.0,27.0,18.02767608,69.1869202,6.06843386,107.2574446,masoor
39.0,41.0,27.0,15.98546851,64.64157156,6.85491043,99.6230004,masoor
36.0,47.0,24.0,19.37781477,64.6146918,5.63400985,70.3837518,masoor
35.0,32.0,28.0,20.96063931,61.79304462,6.14150363,73.6151355,masoor
22.0,49.0,28.0,17.23602548,78.6691021,6.18944913,74.1217617,masoor
23.0,41.0,29.0,17.38124843,78.76895281,5.50574544,61.9760177,masoor
22.0,41.0,29.0,24.94564257,73.58343399,6.21566473,55.1852435,masoor
40.0,38.0,23.0,18.04307592,61.72915014,6.33681878,50.099984,masoor
29.0,47.0,26.0,17.86846646,65.6091013,6.99881095,61.1824622,masoor
23.0,36.0,28.0,24.7508717,64.64579308,6.85863519,111.6908282,masoor
27.0,32.0,29.0,16.64730896,68.59662515,6.45415845,70.1080386,masoor
35.0,39.0,30.0,18.55015266,69.63800334,5.58211747,85.2193488,masoor
26.0,45.0,29.0,23.05093377,77.01160395,6.90807895,88.538171,masoor
37.0,36.0,24.0,19.67387335,65.71159232,5.97536952,117.312801,masoor
26.0,32.0,25.0,16.10543166,64.38778778,5.58564862,82.5045175,masoor
29.0,46.0,27.0,18.33704208,66.32937568,6.13947744,104.1796561,masoor
21.0,30.0,28.0,16.30881139,64.71131869,6.21571956,115.2752767,masoor
37.0,44.0,25.0,24.75244535,79.31540888,6.28048544,65.0688332,masoor
36.0,34.0,22.0,19.05001099,78.63088814,6.51413955,56.2306814,masoor
30.0,48.0,29.0,18.666377,72.382428,5.73479382,61.1576419,masoor
39.0,48.0,22.0,15.85408483,78.18887328,5.68173319,63.5536667,masoor
28.0,39.0,26.0,17.26758617,78.62980774,5.60760302,113.5887075,masoor
36.0,30.0,23.0,17.75190212,78.1917339,6.4419381,94.3722623,masoor
21.0,48.0,30.0,20.32360235,66.06728564,5.61656863,77.4987354,masoor
24.0,42.0,30.0,15.82914581,72.40002667,6.2546089,73.8156096,masoor
37.0,39.0,22.0,22.68764181,65.31175197,5.78665843,103.7063376,masoor
24.0,36.0,25.0,24.31731425,64.13743751,6.91479377,75.0753329,masoor
23.0,40.0,25.0,24.30005378,67.67134782,6.85114024,84.421656,masoor
38.0,46.0,20.0,19.21774242,64.59432567,5.98008935,63.9700131,masoor
21.0,43.0,23.0,17.30979311,76.03827906,5.57852077,109.6042427,masoor
30.0,38.0,30.0,17.15359283,65.83734354,5.80084699,62.0930123,masoor
28.0,48.0,26.0,24.34410795,60.96928465,6.11791982,64.7193325,masoor
31.0,42.0,20.0,21.49153965,73.96141093,6.10455814,94.6697932,masoor
26.0,32.0,24.0,24.47623659,69.50341732,5.69313166,72.2081422,masoor
35.0,40.0,23.0,23.67152151,73.46016333,6.71795161,53.2875096,masoor
31.0,45.0,21.0,23.82495105,60.40243444,5.84300613,102.6908996,masoor
29.0,39.0,20.0,18.59824901,70.81531263,6.72909735,97.411048,masoor
34.0,49.0,25.0,24.53703626,72.8422047,6.09957933,70.8705249,masoor
23.0,47.0,24.0,19.70816419,63.9785956,6.49070458,92.1180626,masoor
21.0,38.0,25.0,22.48672175,76.55849909,6.15407046,103.9870152,masoor
21.0,34.0,25.0,23.34956775,76.85069017,6.90223306,71.2245736,masoor
29.0,39.0,22.0,24.46902899,64.81425171,5.5466022,66.7964233,masoor
22.0,49.0,26.0,24.11576887,66.91240338,6.50055529,93.5055118,masoor
20.0,42.0,28.0,28.50642691,67.53621256,6.76676836,144.026532,moong
20.0,42.0,22.0,33.05905843,65.59347713,6.25048295,102.9825586,moong
25.0,49.0,22.0,28.56404736,74.95303649,6.07853624,146.0828654,moong
28.0,50.0,28.0,29.93341588,60.80138173,6.60380308,198.1186375,moong
24.0,42.0,27.0,30.85778271,71.73535816,6.28428829,133.4875785,moong
28.0,43.0,24.0,31.63624721,75.67943701,6.53769213,127.3768739,moong
26.0,42.0,29.0,32.29521422,60.40682164,6.38305881,104.6224571,moong
25.0,49.0,25.0,29.83796897,69.80898193,6.92987048,94.3696146,moong
28.0,42.0,29.0,34.43310112,70.40460978,6.91082422,161.2512542,moong
28.0,41.0,26.0,29.97566083,63.09685363,6.0342979,101.9507511,moong
24.0,44.0,26.0,30.03691761,63.65250261,6.07442842,148.877021,moong
26.0,46.0,27.0,32.65106592,68.65534163,6.33560924,138.1021398,moong
26.0,40.0,27.0,28.09847117,61.7158857,6.61858515,90.912254,moong
29.0,47.0,21.0,30.92482994,76.7114341,6.35672317,85.2393114,moong
22.0,49.0,20.0,34.59024176,72.26803693,6.2013991,111.400564,moong
21.0,40.0,22.0,29.15913654,74.40666738,6.88148582,190.1942042,moong
24.0,42.0,25.0,33.04374414,61.31659687,6.90808369,163.108736,moong
26.0,49.0,21.0,33.79462694,68.20047573,6.53403611,137.8393901,moong
21.0,43.0,23.0,27.82667361,69.21737471,6.94512245,160.5565308,moong
22.0,45.0,27.0,31.26259275,73.38107031,6.86685521,95.1540167,moong
29.0,41.0,28.0,34.33593144,74.39919079,6.26481632,170.4576456,moong
22.0,44.0,26.0,26.03959376,79.24730633,6.76997362,186.8264805,moong
23.0,48.0,25.0,28.14434106,71.61937173,6.46180648,167.5866941,moong
24.0,46.0,27.0,25.51966098,77.19495611,6.71112182,134.9903978,moong
23.0,42.0,25.0,28.78347582,74.99451494,6.88683154,91.6182477,moong
25.0,50.0,28.0,30.01441474,64.67249527,6.21052849,129.1473113,moong
28.0,48.0,22.0,30.92568183,67.59848582,6.92222332,140.2322697,moong
26.0,46.0,25.0,26.7641191,76.25465809,6.5049328,145.0112384,moong
21.0,48.0,29.0,28.69017732,62.71033747,6.9473069,142.2079552,moong
21.0,49.0,22.0,29.06636527,67.66328937,6.25276586,175.3595471,moong
25.0,42.0,23.0,26.47453917,72.23311351,6.50911339,147.8896768,moong
27.0,49.0,29.0,27.44715597,62.63130613,6.94607562,116.2732041,moong
29.0,50.0,29.0,34.47427998,68.46716055,6.11001772,81.1172349,moong
24.0,40.0,25.0,29.73434934,72.26340721,6.33855403,184.2561315,moong
27.0,44.0,28.0,26.19759966,70.63865955,6.90558214,114.1414352,moong
20.0,47.0,29.0,33.12413658,77.06791467,6.16290265,189.7208531,moong
23.0,49.0,23.0,25.50507471,60.87762177,6.55233801,166.4447855,moong
24.0,43.0,22.0,25.00401544,76.11782338,6.66995349,89.5099527,moong
22.0,44.0,25.0,28.20712165,79.27832024,6.35499512,156.9895617,moong
20.0,44.0,29.0,25.94556345,75.16769543,6.30145619,152.7216598,moong
26.0,41.0,21.0,27.07823841,70.08140159,6.6225494,145.3858023,moong
23.0,49.0,28.0,25.77993866,62.12260039,6.72237351,139.1337615,moong
22.0,50.0,22.0,28.64121057,72.78772843,6.48746784,95.4843691,moong
24.0,43.0,29.0,34.13727494,76.65988277,6.04058571,115.708486,moong
28.0,40.0,30.0,28.03281026,67.25166425,6.52659494,87.9686424,moong
30.0,40.0,27.0,34.48916218,64.91999481,6.44273593,143.8504189,moong
25.0,47.0,21.0,27.1456482,74.7630151,6.19378913,102.6966436,moong
26.0,42.0,29.0,30.18492975,67.04617768,6.94218545,108.086933,moong
20.0,43.0,27.0,34.44041278,67.92554525,6.53361693,163.2636011,moong
25.0,45.0,23.0,29.70784997,74.13285043,6.45495078,192.8767999,moong
23.0,40.0,25.0,26.68440551,75.20929213,6.54446133,198.191493,moong
29.0,42.0,29.0,29.53846564,70.81221989,6.70449364,181.952021,moong
25.0,44.0,25.0,26.89077654,78.01815461,6.5791298,160.9024339,moong
26.0,41.0,26.0,25.78697675,70.54621791,6.12096066,128.3342641,moong
26.0,41.0,24.0,34.87100086,71.22300425,6.17478672,162.4924233,moong
23.0,41.0,30.0,29.23808185,72.99727843,6.28625904,82.9636757,moong
28.0,45.0,23.0,26.62498415,77.90067718,6.06160799,162.3229069,moong
22.0,41.0,27.0,29.04519524,67.27222898,6.57240773,106.0177131,moong
27.0,50.0,22.0,29.24185056,68.93377443,6.59711662,110.4976736,moong
28.0,45.0,25.0,26.81808466,61.71820776,6.30476091,165.6942969,moong
22.0,47.0,24.0,29.69177496,67.35417016,6.4157748,92.0743973,moong
23.0,47.0,27.0,29.60102627,63.86894456,6.28622431,105.2446498,moong
20.0,49.0,22.0,27.79601433,62.54816143,6.22753388,156.711546,moong
21.0,41.0,26.0,32.07947827,71.14849489,6.33966062,110.7225408,moong
27.0,41.0,25.0,27.67873583,72.08009995,6.43714811,184.5600311,moong
30.0,46.0,24.0,27.57096089,69.58909956,6.2252071,124.0733242,moong
29.0,44.0,24.0,33.3662021,73.01576642,6.38353451,153.700262,moong
23.0,48.0,20.0,30.127499,67.9650047,6.87079717,139.6600737,moong
27.0,40.0,29.0,28.4296652,62.76491131,6.44673953,132.7358449,moong
25.0,44.0,27.0,34.61417578,71.98555036,6.42089653,176.8973523,moong
21.0,44.0,23.0,33.6111352,61.56676436,6.56948239,88.7089758,moong
29.0,42.0,27.0,33.32893595,62.5017782,6.54287813,95.5739559,moong
26.0,49.0,24.0,31.06689323,78.60897201,6.3269421,180.4313399,moong
30.0,40.0,21.0,33.20576439,65.70488685,6.60946776,108.7053306,moong
28.0,41.0,24.0,30.60348674,74.57230314,6.50580922,122.5814868,moong
26.0,46.0,25.0,27.59449171,61.69297507,6.64048329,94.3126006,moong
22.0,45.0,28.0,32.89040604,67.01951248,6.70129334,128.558449,moong
24.0,42.0,21.0,34.89216683,63.3365941,6.59091609,85.6021784,moong
28.0,43.0,28.0,34.45673537,68.17854472,6.70393667,159.4363807,moong
25.0,46.0,24.0,30.07897416,70.57168403,6.18863225,177.2724618,moong
27.0,47.0,21.0,30.00305156,77.88199072,6.72061629,190.3845121,moong
21.0,48.0,20.0,30.42299976,62.96201597,6.36716963,169.5576575,moong
20.0,42.0,26.0,34.16643103,74.10993304,6.71438756,160.6135124,moong
24.0,40.0,21.0,31.75129886,68.34896568,6.53455454,167.6814814,moong
25.0,41.0,22.0,32.24912747,77.89523974,6.83999822,94.1068699,moong
30.0,42.0,20.0,27.81073885,73.36038905,6.99742294,101.2018777,moong
26.0,49.0,23.0,26.87903589,72.49590797,6.67025398,120.3740422,moong
22.0,43.0,22.0,28.97186886,64.9055861,6.90191611,133.8089409,moong
23.0,47.0,30.0,33.610334,71.31726147,6.43803366,98.8682798,moong
27.0,45.0,27.0,29.40434571,78.02355246,6.88968741,170.0802817,moong
25.0,46.0,23.0,31.67351163,60.87693705,6.9835973,119.1946287,moong
26.0,41.0,20.0,28.3269018,68.76597216,6.45002424,111.5231972,moong
22.0,47.0,25.0,28.19589426,71.83615815,6.20015421,88.6675218,moong
21.0,41.0,28.0,32.53312932,74.32650687,6.75240923,160.3262508,moong
25.0,46.0,20.0,32.77877706,70.00716721,6.62146442,122.9015994,moong
23.0,46.0,27.0,28.42334082,75.39544615,6.8709676,147.3626989,moong
29.0,45.0,25.0,32.49315355,79.29380958,6.57787708,88.8276025,moong
21.0,49.0,25.0,29.82423602,61.87314905,6.61490301,172.1707254,moong
27.0,43.0,23.0,25.72357258,77.62210297,6.83784138,110.7994028,moong
26.0,49.0,27.0,31.89534209,66.87959273,6.41442981,113.27101,moong
30.0,48.0,26.0,24.49160829,65.62113752,6.03293446,183.1271883,urad
28.0,45.0,28.0,27.66752076,69.74140782,5.5501398,167.0909452,urad
21.0,50.0,22.0,28.25893155,84.71048267,6.88346166,183.1087575,urad
29.0,40.0,27.0,25.39720567,66.92251703,6.85457598,163.6858911,urad
29.0,45.0,25.0,24.00789511,81.20280181,5.71168918,113.1361844,urad
26.0,49.0,22.0,24.78698577,77.07510288,6.49790925,124.5897581,urad
27.0,43.0,25.0,25.71273411,79.83275637,6.39914581,145.3960511,urad
27.0,42.0,27.0,28.25356496,69.94412147,5.69228211,212.2562874,urad
23.0,49.0,29.0,30.13845945,66.75435283,5.79466197,158.7305649,urad
27.0,47.0,26.0,27.78024949,67.05892289,5.9238113,207.8534231,urad
25.0,47.0,22.0,27.34215337,65.51484819,5.98665734,151.1571809,urad
28.0,49.0,25.0,24.30824619,82.58408675,6.18325254,101.951532,urad
29.0,45.0,23.0,24.24390993,76.6284979,6.88632765,182.3398787,urad
22.0,44.0,27.0,24.00716859,83.7370686,6.5906968,124.6788059,urad
22.0,43.0,20.0,33.86349923,71.30433475,5.68457819,117.2951636,urad
21.0,47.0,29.0,24.20909512,69.46180037,5.88542845,108.4773536,urad
21.0,44.0,22.0,26.53493753,83.81074602,6.27391882,235.8915952,urad
26.0,44.0,24.0,31.27579322,74.03277991,6.11777842,228.509492,urad
29.0,43.0,26.0,26.00469048,73.26931533,5.64258481,130.9304074,urad
29.0,42.0,25.0,30.91863908,72.66138739,6.40854886,230.3648603,urad
26.0,44.0,21.0,32.20735841,77.29082036,6.1970342,224.8243681,urad
25.0,41.0,20.0,30.97990471,80.80519808,5.95482932,144.3629252,urad
25.0,44.0,24.0,25.36371105,68.93377116,5.84702307,108.2998581,urad
22.0,40.0,26.0,33.73144711,68.87434102,5.97456311,151.8742855,urad
24.0,40.0,28.0,33.40179835,82.84148702,5.54799169,180.3282874,urad
25.0,47.0,24.0,24.44768389,66.08095255,6.47083343,168.5845629,urad
25.0,49.0,21.0,26.10047337,72.88167297,6.73397189,147.4903652,urad
24.0,42.0,25.0,28.4153401,74.81227152,6.70246388,227.3151378,urad
27.0,45.0,23.0,29.77020402,69.4229522,6.82739012,140.3679629,urad
28.0,40.0,30.0,31.96068525,72.89550634,5.69552752,173.8324275,urad
29.0,44.0,25.0,24.02347474,69.89599746,5.57394949,202.0874639,urad
21.0,41.0,24.0,31.12071992,68.56901348,6.47175556,111.9382221,urad
29.0,43.0,29.0,31.72522592,68.37667213,6.79523718,223.2702189,urad
28.0,46.0,23.0,25.21889212,75.19514134,5.89376291,187.7891313,urad
24.0,45.0,24.0,33.01259208,68.27840524,6.46150909,157.2113215,urad
21.0,46.0,27.0,26.78871926,84.00422412,6.8978691,109.4894008,urad
26.0,41.0,29.0,30.69348351,81.63147852,6.29471359,122.5465934,urad
20.0,49.0,23.0,28.68461237,76.96612151,5.69346836,104.6455905,urad
23.0,40.0,24.0,33.82652411,77.74095107,6.84265004,124.2456541,urad
29.0,45.0,22.0,31.57469051,79.63410545,6.88259,206.3771056,urad
22.0,42.0,27.0,28.38671697,80.64003651,5.82958413,217.5928777,urad
25.0,48.0,28.0,26.28425852,70.48023561,6.48216363,147.2261733,urad
21.0,43.0,22.0,33.08437548,67.08960634,6.18299312,208.0401886,urad
27.0,41.0,29.0,27.63725521,80.13077167,6.3527083,138.6048188,urad
27.0,40.0,28.0,30.36692914,69.4247564,6.17225627,201.5610569,urad
28.0,45.0,26.0,32.94091369,74.95738361,6.18448889,226.2713064,urad
28.0,44.0,22.0,32.26217376,69.55265072,6.1091232,178.6654519,urad
28.0,44.0,26.0,25.09279445,80.8876845,5.86844736,114.8452935,urad
23.0,49.0,23.0,33.79734335,70.36552041,6.95956802,106.1467333,urad
27.0,45.0,21.0,24.31174909,82.40393381,6.56128423,120.7978794,urad
21.0,42.0,30.0,32.01371535,72.95269971,6.53975404,150.4469091,urad
22.0,45.0,26.0,26.57118504,83.97308162,6.44766227,125.4637747,urad
30.0,40.0,25.0,28.49123414,76.41329158,6.00005176,165.3383737,urad
24.0,47.0,27.0,26.49958981,77.1905702,6.74990692,187.7792178,urad
24.0,45.0,23.0,26.13801211,67.11027293,5.7127666,202.4604363,urad
27.0,50.0,27.0,32.84245174,82.25350326,5.57806876,166.4980481,urad
26.0,50.0,25.0,24.83038758,68.82103737,6.85798274,166.1132415,urad
26.0,48.0,30.0,24.47415636,81.02343007,6.08327724,190.6571079,urad
22.0,45.0,27.0,28.99618412,71.1042906,6.65561768,246.0613873,urad
27.0,44.0,23.0,26.42183446,68.43419978,6.59665447,179.4750833,urad
23.0,46.0,21.0,26.83296528,65.00485869,6.48241166,119.0404087,urad
29.0,49.0,22.0,30.08571593,84.41809423,6.66755786,156.0408489,urad
27.0,41.0,24.0,29.38980874,70.75759007,6.94572649,118.0406445,urad
27.0,46.0,24.0,24.22202813,71.07447703,6.92641203,238.1604229,urad
23.0,43.0,25.0,25.03146761,83.86041419,6.73570262,219.2609322,urad
22.0,47.0,24.0,31.83290092,84.25569616,6.10344202,118.9983809,urad
24.0,45.0,24.0,24.52268668,78.71077241,6.04478369,165.4321626,urad
22.0,48.0,28.0,26.98450661,77.76185452,6.22958744,143.2228204,urad
22.0,47.0,20.0,24.06788174,68.05886373,5.64215271,110.3485013,urad
30.0,43.0,21.0,33.36125572,75.40320446,5.86149439,154.7227144,urad
29.0,44.0,23.0,27.77796824,71.33368712,5.81092378,201.5955939,urad
23.0,46.0,21.0,28.07405272,83.73898508,5.78693374,156.5877979,urad
27.0,43.0,21.0,27.05413499,68.15322054,5.5878049,126.1015672,urad
28.0,40.0,26.0,29.0655,76.25660474,6.06919207,147.0051542,urad
23.0,47.0,29.0,24.97618761,82.95591613,5.78887245,152.4843195,urad
26.0,44.0,21.0,29.25140852,69.05987118,6.38399747,167.7803567,urad
28.0,46.0,21.0,31.02738299,80.85406812,6.32203225,194.3676368,urad
22.0,47.0,27.0,28.11747668,71.65900494,5.53664032,200.4118096,urad
22.0,46.0,29.0,33.21457736,84.57011934,6.69670356,101.6005191,urad
26.0,44.0,29.0,33.81029489,77.27415939,5.87772205,219.0306103,urad
21.0,42.0,28.0,32.16877986,65.27898037,5.53297978,198.5678259,urad
24.0,46.0,27.0,25.07962448,66.39291735,6.01371283,188.3404034,urad
25.0,47.0,25.0,27.98087178,65.52893805,6.13366869,150.3335803,urad
30.0,49.0,23.0,32.47296746,73.82548674,6.38169311,102.6936796,urad
21.0,45.0,30.0,24.70916191,68.78721752,6.53981431,215.6984715,urad
28.0,46.0,26.0,32.2853026,80.76550416,5.54250618,138.8552716,urad
27.0,42.0,20.0,25.78628877,71.75495993,5.80170481,162.7674246,urad
25.0,45.0,23.0,30.05101622,72.9148966,5.543756,144.8008236,urad
29.0,47.0,29.0,25.30931252,78.92442872,6.24247419,130.911067,urad
24.0,41.0,28.0,33.03097507,82.28461205,5.68891096,169.6874147,urad
27.0,46.0,28.0,31.85808484,74.24913634,6.14770765,241.1448682,urad
25.0,45.0,28.0,29.54489114,68.59595627,6.73236654,170.1637346,urad
30.0,48.0,28.0,28.67859463,77.93242267,5.54923825,224.5049025,urad
20.0,49.0,25.0,27.17255216,70.63859104,5.79597096,179.6288551,urad
21.0,42.0,28.0,26.33396269,74.06741211,5.69890599,177.5681332,urad
28.0,44.0,28.0,25.13099739,68.12662877,6.42751946,165.5550588,urad
24.0,47.0,26.0,25.70760283,69.53674205,6.08219962,186.3251528,urad
24.0,45.0,22.0,32.52538741,70.15879014,6.49435938,173.7271339,urad
30.0,43.0,26.0,30.06015002,66.79263547,5.63529355,243.8853153,urad
27.0,48.0,27.0,28.49912781,82.1674676,6.38459355,243.5253501,urad
30.0,59.0,52.0,26.54482733,59.18575523,6.80757628,60.3347695,groundnut
25.0,50.0,48.0,31.8064822,62.00544741,6.67272784,100.6964645,groundnut
23.0,41.0,56.0,29.60704806,57.99725598,6.85602476,111.4645894,groundnut
25.0,45.0,40.0,25.09268111,57.33757521,6.19551109,148.7272596,groundnut
26.0,43.0,44.0,22.64043524,72.2486826,6.88155484,146.5349711,groundnut
25.0,49.0,40.0,26.13926058,60.40116932,6.96106534,78.61534,groundnut
33.0,48.0,44.0,27.65072283,72.1734411,7.03366362,70.5728309,groundnut
36.0,53.0,42.0,26.41547289,73.89969571,7.04223109,72.7450216,groundnut
33.0,48.0,59.0,31.62185909,73.02971702,6.49496234,84.3344912,groundnut
36.0,60.0,45.0,27.20180737,60.89862272,6.65516575,61.3738356,groundnut
24.0,46.0,49.0,30.73254357,69.09822265,6.25665372,67.668043,groundnut
33.0,53.0,59.0,24.4793245,73.55582959,6.00453131,143.8920524,groundnut
34.0,55.0,42.0,24.31582991,58.62436087,6.77081375,132.9272969,groundnut
23.0,49.0,59.0,31.77993424,74.88575972,6.27874808,110.0055439,groundnut
23.0,46.0,48.0,24.8063558,74.44459418,6.46398634,73.8028345,groundnut
35.0,40.0,52.0,24.87934094,58.71051951,7.37391451,118.6511815,groundnut
34.0,54.0,46.0,31.559188,73.46599017,6.3783036,101.1584949,groundnut
37.0,49.0,48.0,26.26406056,65.74833877,6.23514442,62.0253895,groundnut
29.0,56.0,54.0,31.09555428,55.3606402,6.95273548,110.1342828,groundnut
36.0,51.0,46.0,30.87563072,64.41524785,6.20437585,139.0303677,groundnut
32.0,53.0,56.0,25.98054841,65.27266768,6.98873332,132.2740972,groundnut
27.0,48.0,42.0,22.91036315,67.96418355,7.37187665,97.1875031,groundnut
28.0,54.0,41.0,29.72031786,71.56425516,6.89055867,75.347735,groundnut
38.0,53.0,58.0,27.42033345,73.38076554,6.72792108,140.9918589,groundnut
29.0,45.0,48.0,24.86866875,60.37159209,6.58164649,137.4956643,groundnut
21.0,54.0,43.0,22.61543034,60.39947274,6.51675884,129.1578964,groundnut
38.0,44.0,49.0,30.73575306,70.25598106,6.70548607,106.1769497,groundnut
33.0,57.0,40.0,31.07243167,69.80626062,6.60433505,108.8557237,groundnut
31.0,47.0,50.0,26.18363038,69.28306293,6.9830748,137.5109005,groundnut
23.0,49.0,48.0,24.49867465,67.8050183,7.03119721,138.9740318,groundnut
28.0,58.0,60.0,24.33053188,74.00759503,6.15913807,146.2494918,groundnut
22.0,40.0,43.0,23.79999617,65.05095213,7.49401918,136.3575954,groundnut
20.0,52.0,46.0,24.83461149,68.73511441,7.29350237,120.6797669,groundnut
24.0,41.0,48.0,30.0897775,71.00728377,6.43378973,101.1321557,groundnut
32.0,52.0,57.0,24.7544668,60.30069836,6.63750362,108.2573051,groundnut
29.0,49.0,42.0,24.13736688,58.9390726,7.07790561,97.1482488,groundnut
25.0,52.0,47.0,27.37169322,59.07071045,6.67336758,74.0176461,groundnut
38.0,49.0,48.0,26.97976303,66.08339443,6.05341823,110.2956784,groundnut
34.0,44.0,45.0,31.47170617,57.71865495,7.2160957,104.7884599,groundnut
24.0,41.0,47.0,29.09933073,65.67450827,6.21553144,72.9451024,groundnut
20.0,56.0,44.0,25.36921913,66.70971877,6.90932496,88.4088264,groundnut
22.0,44.0,44.0,28.58283783,60.2761215,6.64202903,61.0862942,groundnut
30.0,52.0,59.0,26.71172559,66.46803252,6.8842062,143.5110567,groundnut
37.0,46.0,45.0,27.0442104,69.88098902,6.39395042,105.2897286,groundnut
21.0,54.0,56.0,28.64125739,63.53183802,6.4342468,140.020742,groundnut
37.0,51.0,54.0,26.9571701,61.26501481,7.32502455,127.8299524,groundnut
24.0,48.0,57.0,26.03811005,59.29489005,7.08663351,92.0371552,groundnut
26.0,44.0,55.0,26.5416747,62.71718894,6.37810483,148.3869641,groundnut
28.0,42.0,42.0,27.99363552,63.37517981,6.88613058,98.8659323,groundnut
21.0,50.0,50.0,23.03839386,57.47144981,6.22432398,69.0925422,groundnut
32.0,44.0,45.0,31.57835304,72.09234926,6.26035822,80.7445354,groundnut
27.0,44.0,50.0,28.71368009,65.463163,6.0294158,140.8775035,groundnut
23.0,56.0,56.0,25.98559224,58.40305282,6.19077178,82.924845,groundnut
25.0,51.0,48.0,23.26370142,74.4738427,7.42159921,80.7574776,groundnut
35.0,47.0,43.0,25.08860899,68.17710808,7.28683378,110.9799317,groundnut
29.0,50.0,55.0,28.68180662,72.91624203,6.13165937,65.2009377,groundnut
23.0,54.0,49.0,23.36966635,65.13540081,6.60532293,71.389078,groundnut
30.0,55.0,45.0,31.92015969,68.73300847,6.72117925,135.7221094,groundnut
28.0,55.0,41.0,24.03070593,63.03903849,6.18436677,136.117039,groundnut
27.0,53.0,54.0,25.57241968,66.54106683,6.87927353,90.8039034,groundnut
22.0,60.0,43.0,30.78530749,61.03669322,6.10852258,118.5267277,groundnut
27.0,48.0,45.0,26.10700401,69.40832138,6.51456601,106.0382575,groundnut
39.0,41.0,50.0,31.20196986,55.98317047,6.87633718,111.6149626,groundnut
37.0,45.0,58.0,29.32454629,73.66226442,6.02856511,119.1477895,groundnut
29.0,41.0,58.0,22.28996744,68.79642143,6.70544433,103.3653528,groundnut
22.0,44.0,41.0,28.22029479,65.11484597,6.86144031,133.539192,groundnut
37.0,52.0,40.0,26.17999217,66.31114966,7.04284448,118.4172542,groundnut
27.0,58.0,43.0,22.0435958,73.49302211,7.00726771,70.125372,groundnut
22.0,47.0,47.0,27.85121661,63.85828196,6.32145011,63.075803,groundnut
26.0,56.0,54.0,28.98116924,61.21946043,7.08730628,68.969753,groundnut
25.0,57.0,60.0,22.09700355,57.80089624,6.74077052,88.9872518,groundnut
32.0,42.0,59.0,31.12584218,70.61043606,6.54762551,127.9893545,groundnut
32.0,53.0,53.0,27.53728231,74.72828037,6.94308208,125.9061511,groundnut
36.0,57.0,44.0,26.82894437,65.28161391,6.12570624,134.6263602,groundnut
29.0,51.0,51.0,28.15214897,71.56086572,6.05730418,74.1750493,groundnut
32.0,52.0,43.0,31.80051943,62.87438339,6.18519536,80.4679556,groundnut
23.0,53.0,52.0,22.88006028,72.87069167,6.96532818,95.0339757,groundnut
26.0,49.0,48.0,31.29260975,61.06906433,7.2953655,137.7542227,groundnut
36.0,59.0,45.0,24.74544585,71.48188981,6.86543873,60.4791772,groundnut
31.0,47.0,46.0,30.51484449,67.18390783,6.96735949,136.7855681,groundnut
25.0,50.0,49.0,27.56812143,68.23048648,6.01746735,113.2722964,groundnut
35.0,51.0,41.0,27.96474578,60.49958384,6.17466829,67.1680616,groundnut
29.0,51.0,47.0,28.43770608,61.65636722,7.08065055,127.9385276,groundnut
33.0,53.0,51.0,28.96507183,62.52083582,6.0170845,144.8348739,groundnut
36.0,52.0,45.0,25.40384838,64.53135887,6.30557609,86.6458959,groundnut
30.0,43.0,60.0,31.3194414,73.27156023,6.16188683,107.2824434,groundnut
34.0,49.0,53.0,25.0115902,66.56459572,6.51086391,104.8316707,groundnut
32.0,46.0,47.0,22.52276372,60.06914259,6.12584694,66.6822173,groundnut
22.0,56.0,41.0,24.72557749,72.43091361,6.98841419,103.6493056,groundnut
26.0,50.0,48.0,23.14532868,74.93981006,6.8464516,98.300029,groundnut
27.0,54.0,47.0,26.54270724,69.39116827,7.24991146,69.6707895,groundnut
37.0,55.0,44.0,25.16292349,74.52141172,6.21792901,83.1148417,groundnut
29.0,41.0,48.0,31.53124613,65.3347209,6.85698002,133.7196594,groundnut
31.0,41.0,46.0,31.50593966,72.1826072,6.86332426,80.5520053,groundnut
24.0,44.0,58.0,29.74883432,62.85470228,7.27899923,105.3942634,groundnut
29.0,45.0,50.0,23.31810373,72.73179192,6.04574482,127.651179,groundnut
28.0,50.0,47.0,29.84187179,70.2657038,7.1111698,125.0350552,groundnut
24.0,47.0,49.0,29.549402,61.58707048,6.49618949,72.4408878,groundnut
28.0,60.0,45.0,26.3297305,56.42049135,6.91823799,103.9088945,groundnut
34.0,50.0,57.0,22.86249171,73.73131223,6.43340552,94.0376715,groundnut
129.0,70.0,83.0,26.3541885,75.82587494,7.21616454,178.9421272,sugarcane
141.0,56.0,93.0,30.27772209,80.80058385,7.4432984,242.2067136,sugarcane
116.0,62.0,90.0,34.37764559,87.24305917,7.48599157,327.8261071,sugarcane
123.0,66.0,97.0,34.61762478,78.31572124,6.89295076,270.2165331,sugarcane
135.0,74.0,81.0,30.20815586,75.37114281,7.24613098,305.321368,sugarcane
128.0,67.0,83.0,31.17354251,78.09821629,6.98127395,189.674508,sugarcane
148.0,63.0,93.0,28.55131764,78.14328597,6.91104719,231.8393288,sugarcane
127.0,64.0,87.0,29.96075479,73.38207801,6.63478578,175.2271573,sugarcane
147.0,65.0,91.0,34.08980892,82.75860979,6.90179367,303.8339739,sugarcane
118.0,74.0,96.0,26.72194267,75.41926416,7.35394846,207.1253199,sugarcane
114.0,71.0,76.0,27.73914871,73.99745949,6.57609999,196.3719228,sugarcane
140.0,64.0,75.0,29.07884927,72.27890539,6.92932277,285.2283577,sugarcane
135.0,68.0,93.0,34.53920804,86.28417534,6.50005283,330.7963393,sugarcane
101.0,73.0,95.0,25.93287385,84.77556058,7.33721914,341.9833379,sugarcane
134.0,64.0,99.0,30.99293566,79.52676587,6.94293712,336.5692443,sugarcane
104.0,63.0,92.0,30.83018647,88.17835488,7.29190654,338.3982894,sugarcane
103.0,60.0,76.0,30.36868218,88.21589861,6.82941666,319.3108645,sugarcane
106.0,52.0,90.0,27.66377641,87.98906169,7.03211797,335.4732819,sugarcane
120.0,72.0,85.0,29.75942218,72.45166313,7.23681683,335.5868402,sugarcane
123.0,68.0,84.0,26.00530359,79.92438959,6.51888088,287.9928714,sugarcane
117.0,67.0,92.0,29.92521854,88.297723,7.20393591,247.8393036,sugarcane
123.0,55.0,83.0,31.33535294,74.97071488,6.54233449,210.8310509,sugarcane
139.0,58.0,81.0,32.74858402,72.59412516,6.66905775,240.7507521,sugarcane
125.0,67.0,91.0,25.44751434,75.9288145,7.31072067,206.0268238,sugarcane
107.0,57.0,83.0,31.63704479,77.62201027,7.02188446,293.8940463,sugarcane
117.0,57.0,89.0,25.79789124,78.35939087,6.52371636,338.5825423,sugarcane
136.0,52.0,96.0,31.10946526,86.40585921,7.23230077,230.8219695,sugarcane
111.0,63.0,89.0,30.65073791,88.97409836,7.03832637,330.4491246,sugarcane
144.0,70.0,99.0,27.65123261,79.90111891,6.59849464,319.3068986,sugarcane
125.0,69.0,78.0,32.31776095,73.29468018,6.75241381,220.2711869,sugarcane
113.0,59.0,93.0,30.55263323,71.99863754,6.86784718,311.0035386,sugarcane
118.0,66.0,93.0,33.84674985,82.32448503,6.70966092,235.7450284,sugarcane
109.0,74.0,94.0,28.37710775,86.19348516,6.70802456,289.1355326,sugarcane
138.0,61.0,93.0,27.11262917,82.6535407,6.88649372,345.2027851,sugarcane
116.0,62.0,92.0,33.43427796,85.23485413,7.04150628,161.6594408,sugarcane
150.0,69.0,97.0,33.56285128,72.2476595,7.15119771,219.5475671,sugarcane
144.0,55.0,77.0,33.35486156,73.25304436,7.28811894,320.8691966,sugarcane
134.0,63.0,96.0,26.93993956,75.69705353,6.91924925,251.0328037,sugarcane
127.0,70.0,95.0,32.80785483,73.83546917,7.08136656,160.0129054,sugarcane
144.0,52.0,81.0,29.09447938,87.5262794,7.19531895,209.5959589,sugarcane
101.0,58.0,89.0,30.34872756,87.53196238,6.87593838,332.4970108,sugarcane
113.0,62.0,89.0,34.98617319,74.70814498,7.44911246,295.3959743,sugarcane
119.0,50.0,75.0,29.88334913,70.45139393,6.96056601,287.3854834,sugarcane
115.0,64.0,83.0,29.07173739,74.6454673,6.66713431,256.9601954,sugarcane
110.0,63.0,79.0,32.53937684,72.20788468,7.17097471,243.5604824,sugarcane
104.0,65.0,82.0,30.17461009,88.48708692,7.02762446,259.8166445,sugarcane
129.0,60.0,99.0,27.8540529,86.88419172,7.27718591,236.479272,sugarcane
141.0,71.0,80.0,27.90642969,75.9498534,7.20114113,209.2696154,sugarcane
136.0,56.0,75.0,26.71184744,72.08964791,7.21523685,197.5032241,sugarcane
119.0,62.0,76.0,32.16063053,76.46388131,7.47057333,213.7394515,sugarcane
122.0,66.0,79.0,33.59434583,75.12509848,6.68892981,226.0389996,sugarcane
144.0,67.0,84.0,25.19683215,84.7128532,7.18369955,247.4032081,sugarcane
141.0,74.0,98.0,30.12169956,77.20284228,7.40926504,243.0070649,sugarcane
134.0,72.0,80.0,33.15180232,89.5771203,7.41819316,326.0503547,sugarcane
114.0,53.0,78.0,31.14183724,86.08640652,6.79122332,329.8500614,sugarcane
131.0,50.0,80.0,28.63324476,80.02701987,6.5997262,158.6794357,sugarcane
117.0,54.0,91.0,29.95317647,78.55383576,6.96427237,341.2039421,sugarcane
111.0,63.0,93.0,34.29020886,77.55936711,7.05684441,242.7351612,sugarcane
104.0,65.0,82.0,30.44531293,80.64620527,6.66030904,165.1743282,sugarcane
135.0,66.0,80.0,32.20322916,80.58871481,6.96943486,229.0978152,sugarcane
116.0,65.0,98.0,25.74745904,79.21369947,7.17174484,328.1648263,sugarcane
105.0,75.0,99.0,34.3341332,77.26265181,6.57827448,318.9418334,sugarcane
121.0,61.0,91.0,25.33789151,81.86311991,7.27447742,187.3465988,sugarcane
117.0,59.0,87.0,26.07361118,72.91257477,6.83413641,156.6875971,sugarcane
124.0,74.0,78.0,32.33361515,82.74997606,7.44626449,279.0555511,sugarcane
141.0,53.0,88.0,30.86820445,86.65558142,7.19709114,164.4543418,sugarcane
135.0,63.0,84.0,31.20832633,87.81990749,6.84027498,249.2351852,sugarcane
141.0,60.0,78.0,25.51334371,77.60300284,6.56150574,217.4475502,sugarcane
136.0,69.0,76.0,27.7426185,80.95223968,6.72112326,178.9030448,sugarcane
107.0,74.0,95.0,29.06567808,77.11243999,6.6806549,308.2008148,sugarcane
126.0,53.0,93.0,27.62924248,77.50997244,6.89688798,249.5513127,sugarcane
117.0,56.0,85.0,32.72497846,73.41889787,6.51917291,158.7809227,sugarcane
133.0,69.0,95.0,27.05368185,84.74455354,6.99350918,289.9426154,sugarcane
112.0,73.0,78.0,33.60247811,83.75797291,7.48268824,337.7499777,sugarcane
136.0,55.0,86.0,28.89657422,84.83206039,6.57150302,227.2886702,sugarcane
117.0,65.0,97.0,28.85470435,73.16481484,6.54758319,289.0708501,sugarcane
105.0,67.0,82.0,34.36352558,70.37049153,6.69891681,237.5554544,sugarcane
101.0,62.0,88.0,26.32161778,77.52775075,6.82166247,284.452588,sugarcane
139.0,63.0,90.0,27.87330333,73.2379122,6.70061637,199.85907,sugarcane
111.0,63.0,89.0,26.95570647,82.8335142,7.44494742,313.4518538,sugarcane
128.0,56.0,82.0,28.05444227,84.89207358,6.53925305,159.5035514,sugarcane
111.0,68.0,95.0,31.98074338,77.75904337,6.95531841,181.982649,sugarcane
120.0,64.0,99.0,30.07394094,76.57839556,6.56875095,251.6623389,sugarcane
101.0,58.0,95.0,29.50582493,75.71050143,7.05394173,209.6085046,sugarcane
119.0,71.0,99.0,28.93352839,86.93101552,6.93865538,235.3810641,sugarcane
128.0,56.0,94.0,33.0903455,85.6146546,7.03198832,193.0009537,sugarcane
136.0,70.0,84.0,25.02632156,79.01807306,6.67260911,220.4865463,sugarcane
128.0,55.0,96.0,27.26429605,79.61428113,6.75775522,249.7702047,sugarcane
111.0,57.0,79.0,32.70089031,79.24656995,7.21846018,292.8174045,sugarcane
137.0,53.0,99.0,27.04483461,73.72330071,7.32103195,175.1322291,sugarcane
107.0,69.0,87.0,32.46254894,82.09225427,7.28293417,287.2733213,sugarcane
101.0,58.0,91.0,25.32976944,87.03775965,6.50934495,286.8049723,sugarcane
113.0,67.0,95.0,25.36037377,88.65558249,6.80679428,219.0359677,sugarcane
105.0,62.0,94.0,27.6949005,74.85429974,6.72164731,348.3346106,sugarcane
110.0,64.0,98.0,34.70854198,88.94954469,6.64689657,326.9143974,sugarcane
111.0,66.0,94.0,26.80423822,85.32051799,7.48602793,217.760234,sugarcane
109.0,61.0,95.0,30.375231,89.9031882,6.9648498,229.8218599,sugarcane
131.0,59.0,85.0,34.37886976,80.84717901,7.19564075,303.6799858,sugarcane
104.0,55.0,88.0,27.52854979,80.3480258,6.52001172,152.9922397,sugarcane
113.0,63.0,89.0,31.45345623,78.29471605,7.42575169,336.0702354,sugarcane
76.0,32.0,31.0,25.59883166,65.79347228,7.01371745,126.4924545,sunflower
73.0,40.0,35.0,28.28273565,55.03706725,6.16965863,129.9571933,sunflower
79.0,37.0,36.0,23.64409866,57.06009502,6.69057926,117.2735435,sunflower
75.0,37.0,32.0,27.91640072,59.51408156,6.74098077,108.2960952,sunflower
75.0,37.0,34.0,21.62567069,69.91032897,7.34311907,70.6967321,sunflower
60.0,39.0,32.0,28.11015375,67.17972782,7.09454944,149.2434812,sunflower
66.0,37.0,31.0,28.47971693,57.35316092,6.61021394,113.1985842,sunflower
70.0,36.0,40.0,25.73961518,67.26057559,6.08360329,103.3244441,sunflower
62.0,36.0,33.0,28.49034513,60.43199026,6.23241268,143.9948771,sunflower
76.0,37.0,30.0,21.97486282,68.21595822,6.64173518,75.7125586,sunflower
66.0,35.0,33.0,25.99099325,51.77859046,6.31479702,65.2350983,sunflower
67.0,37.0,36.0,25.65751564,57.30902969,6.6343147,144.2531702,sunflower
61.0,37.0,39.0,21.84041035,55.91852698,7.20582706,124.5343145,sunflower
62.0,38.0,37.0,21.0024137,64.3552109,7.09440997,121.1836313,sunflower
77.0,30.0,30.0,21.48788284,61.16768955,6.55951065,142.5614011,sunflower
68.0,38.0,30.0,20.3042354,56.56294361,6.25277197,141.7370636,sunflower
62.0,36.0,35.0,21.22519143,54.24055701,7.40770232,62.6587772,sunflower
69.0,33.0,39.0,26.14090738,60.63821394,6.90741122,68.2665304,sunflower
69.0,40.0,38.0,28.23226359,52.06083387,7.34018858,80.4703429,sunflower
60.0,33.0,31.0,26.77127489,67.4901059,6.70919002,127.4295449,sunflower
79.0,31.0,30.0,22.8935241,55.07002032,6.99200717,89.7798379,sunflower
65.0,35.0,34.0,26.72713612,57.74261018,6.76864283,82.6176918,sunflower
63.0,33.0,37.0,26.66905387,54.68056351,7.13505737,112.9277621,sunflower
71.0,35.0,35.0,25.65456366,64.31011909,6.73768595,69.8665375,sunflower
75.0,31.0,31.0,29.56991769,51.2087309,7.46411953,99.8928097,sunflower
64.0,35.0,38.0,26.34252653,57.07811334,7.42591766,114.2993009,sunflower
66.0,39.0,39.0,23.24798915,55.86779351,6.83734763,63.0076195,sunflower
76.0,35.0,33.0,28.1873799,52.49228415,6.70666553,137.1890389,sunflower
78.0,39.0,34.0,23.73640818,56.65824192,6.32571061,75.8538521,sunflower
72.0,35.0,39.0,26.43867928,65.25897757,6.04816437,128.3537912,sunflower
78.0,37.0,39.0,25.03209417,50.28159327,6.4989849,60.6261829,sunflower
65.0,31.0,33.0,20.28520025,68.18608293,6.26556494,60.7400818,sunflower
75.0,32.0,39.0,26.53901146,63.444683,7.33919391,60.4805228,sunflower
80.0,39.0,39.0,23.44786929,67.87297298,6.98886681,86.2365235,sunflower
71.0,31.0,39.0,22.24896806,61.16268316,6.21115569,128.76837,sunflower
72.0,32.0,30.0,29.85207326,66.19826241,7.13572587,101.4185956,sunflower
78.0,34.0,35.0,24.47623873,65.50381539,6.71569465,107.4092017,sunflower
66.0,33.0,30.0,22.29961415,52.96267844,6.87479274,118.8446967,sunflower
74.0,38.0,35.0,29.36342753,66.1474188,7.34108191,117.2034134,sunflower
66.0,40.0,33.0,24.42154114,51.13681141,6.30398538,148.0645018,sunflower
72.0,36.0,37.0,20.32063517,62.24622578,6.74553547,124.4556489,sunflower
68.0,38.0,32.0,21.61416988,57.4398952,6.33191489,136.2310832,sunflower
77.0,34.0,36.0,22.41206775,53.36282172,7.08122447,147.4886394,sunflower
72.0,40.0,33.0,22.22603637,55.22400343,7.05454755,106.0711909,sunflower
66.0,32.0,33.0,27.04423621,59.84233314,6.05362259,68.481876,sunflower
63.0,31.0,36.0,27.54282333,50.41021839,6.14131555,82.4438209,sunflower
78.0,37.0,31.0,24.93035122,66.93566054,7.23168916,114.0665797,sunflower
74.0,40.0,32.0,24.6032139,50.78903906,6.93591836,61.3023577,sunflower
62.0,36.0,36.0,20.31856763,59.38605993,6.83014434,143.2160536,sunflower
68.0,36.0,38.0,25.19280082,67.15903891,7.17588792,95.2240284,sunflower
78.0,32.0,33.0,27.95581837,58.34110472,6.07968094,80.6204953,sunflower
65.0,39.0,38.0,26.161108,59.48651141,6.83029633,95.2499889,sunflower
78.0,31.0,34.0,24.9815072,59.15263749,6.51684286,106.7000578,sunflower
63.0,35.0,32.0,20.64834219,65.25305118,6.27649702,98.4697729,sunflower
73.0,37.0,37.0,23.87898529,57.51919819,6.70575108,117.6043917,sunflower
70.0,38.0,39.0,21.36233652,62.60801852,6.25584057,87.1103173,sunflower
60.0,39.0,32.0,27.17434451,65.2530698,7.39392098,78.1315346,sunflower
65.0,35.0,32.0,23.21462478,53.19259867,6.45814754,78.466455,sunflower
76.0,32.0,30.0,29.75983119,56.62427629,6.94403241,70.6790133,sunflower
71.0,39.0,38.0,23.15056497,60.83760347,6.9337738,68.2120357,sunflower
74.0,37.0,40.0,20.18456419,60.91216929,6.39059604,123.6111454,sunflower
76.0,32.0,33.0,23.3060081,67.21022973,6.76888639,102.6384138,sunflower
76.0,36.0,38.0,28.31416622,55.49144631,6.49900948,109.1488927,sunflower
64.0,35.0,33.0,29.66985018,53.20148211,6.40005515,130.8593254,sunflower
80.0,30.0,37.0,20.40487824,58.05779158,6.37936771,144.1696029,sunflower
60.0,36.0,35.0,20.84001715,63.6305206,7.31007625,121.2098729,sunflower
73.0,39.0,38.0,24.71082851,57.95906112,6.06295909,87.9132499,sunflower
69.0,34.0,34.0,20.88632975,68.4446174,7.4688928,103.2213042,sunflower
72.0,38.0,34.0,24.0951848,57.49462045,6.64563286,143.2976389,sunflower
77.0,31.0,31.0,20.98657377,62.38186191,6.64180427,72.9322447,sunflower
70.0,30.0,33.0,24.8403894,69.56538972,7.01578609,138.6693416,sunflower
67.0,30.0,38.0,28.20627393,52.55899882,7.36685147,149.8123621,sunflower
65.0,37.0,39.0,29.08258555,56.18963158,6.35353067,147.87719,sunflower
66.0,40.0,31.0,25.32111134,59.55754154,7.06390802,80.1144883,sunflower
74.0,32.0,36.0,29.5562138,50.57262388,6.37986804,77.9755452,sunflower
65.0,34.0,32.0,28.72465523,64.24126843,6.73702364,112.1965782,sunflower
62.0,37.0,32.0,22.50056759,58.34097457,7.17955108,91.5423182,sunflower
77.0,31.0,36.0,27.04795836,68.10156256,6.21309241,99.1146888,sunflower
70.0,39.0,35.0,25.78329103,63.78459473,6.73139766,69.6195038,sunflower
76.0,34.0,31.0,23.76949972,52.0073499,7.179274,117.0401136,sunflower
78.0,39.0,40.0,20.02140919,57.60482333,7.30155819,133.6688322,sunflower
67.0,36.0,36.0,29.04473927,60.06456691,6.54753796,101.8305785,sunflower
80.0,35.0,32.0,28.14016736,65.53720654,6.76960413,130.9723589,sunflower
74.0,33.0,39.0,21.94152697,52.60911273,7.3401652,147.8044472,sunflower
77.0,39.0,39.0,26.46401737,60.90725704,6.81253024,64.6085714,sunflower
75.0,35.0,36.0,24.91811322,53.43578219,6.75395971,85.0842344,sunflower
63.0,32.0,40.0,22.69270424,61.81179315,6.22967017,114.9160719,sunflower
63.0,38.0,38.0,22.88666303,68.75975731,6.35597656,134.3104301,sunflower
74.0,31.0,34.0,21.87411288,58.96453164,6.83895281,114.092329,sunflower
67.0,38.0,38.0,28.38657154,52.07153132,6.4854142,135.3956189,sunflower
63.0,31.0,36.0,29.078906,57.26378392,6.70790605,85.8437037,sunflower
70.0,35.0,33.0,27.59561834,67.05967938,7.04061195,147.5570944,sunflower
65.0,37.0,34.0,24.7598169,69.87546206,7.01562296,125.6011922,sunflower
79.0,38.0,39.0,24.5915913,55.03576907,7.2216288,93.3288158,sunflower
60.0,35.0,35.0,29.74031225,68.22908007,6.7878757,74.55415,sunflower
67.0,34.0,34.0,25.2403767,61.44199634,7.19774395,136.7712203,sunflower
76.0,31.0,37.0,22.94648903,51.00037642,6.65315419,103.8524604,sunflower
67.0,33.0,37.0,22.44789519,50.98894873,7.15422808,136.3877431,sunflower
60.0,39.0,36.0,22.4647791,50.18011329,6.48276995,81.1924275,sunflower
63.0,36.0,32.0,25.90116422,55.96083397,6.79294476,63.1558454,sunflower
21.0,51.0,55.0,27.96300186,68.63465648,6.47701456,134.3597721,soyabean
30.0,64.0,45.0,25.56057335,66.53955246,6.18238102,133.0989576,soyabean
33.0,60.0,52.0,27.39796372,74.11873235,6.8163,144.102787,soyabean
34.0,67.0,49.0,27.64245621,71.65107674,6.61914461,88.5208136,soyabean
38.0,51.0,55.0,29.53111085,61.08268817,7.13819121,151.6228233,soyabean
29.0,57.0,42.0,24.79040726,62.09108916,6.84398118,153.4987409,soyabean
35.0,65.0,58.0,29.53072769,77.3085881,6.61420611,115.5801885,soyabean
23.0,59.0,48.0,25.83386232,74.99973969,6.86357896,141.1867938,soyabean
22.0,67.0,46.0,21.17860109,79.16502344,7.45694619,90.9214168,soyabean
25.0,51.0,54.0,24.34071082,78.5704415,7.2754481,150.8358886,soyabean
33.0,67.0,46.0,29.05951919,78.01926992,6.53139858,197.1779331,soyabean
38.0,53.0,56.0,29.90801356,69.44561929,6.61475772,146.4603299,soyabean
31.0,56.0,42.0,28.02675813,62.79053561,7.34347685,173.2121926,soyabean
33.0,58.0,45.0,27.00188259,70.95479819,7.28959318,153.1482241,soyabean
22.0,59.0,44.0,26.61303962,78.22512304,6.31257552,128.4507933,soyabean
24.0,63.0,57.0,28.68757231,70.73109342,7.1224782,170.2251493,soyabean
23.0,57.0,48.0,29.2907636,77.4859312,6.76694362,96.1430591,soyabean
23.0,57.0,46.0,29.02776048,79.24583083,6.92215643,158.4323543,soyabean
37.0,61.0,44.0,25.55082601,74.84915128,6.78703262,106.3859588,soyabean
27.0,57.0,59.0,27.55093967,75.01622763,6.66591744,111.8653022,soyabean
31.0,68.0,50.0,22.14458229,61.48318212,7.41767626,186.9744648,soyabean
37.0,70.0,54.0,28.26949025,76.88852666,7.40503189,148.2969885,soyabean
28.0,69.0,49.0,24.46114307,71.29636628,6.80822905,136.4606095,soyabean
21.0,68.0,49.0,21.39187803,60.06775696,6.88341547,109.4348112,soyabean
34.0,52.0,58.0,22.04593614,63.63015923,6.32253385,81.6778056,soyabean
35.0,68.0,52.0,22.85277997,69.51853395,6.28229997,194.5215142,soyabean
25.0,65.0,49.0,24.55915937,61.42413435,6.44677102,175.8424845,soyabean
25.0,65.0,41.0,21.93014985,77.65484152,7.43264783,177.1367852,soyabean
39.0,60.0,55.0,21.84368238,68.86151866,6.55606599,99.8898818,soyabean
40.0,52.0,52.0,25.38079543,73.24371771,6.93969578,93.941693,soyabean
31.0,56.0,59.0,29.72514482,60.75112139,7.14310748,114.215981,soyabean
24.0,50.0,45.0,22.31088922,70.18006891,7.01816398,186.5381738,soyabean
34.0,58.0,47.0,21.77041441,72.68001535,6.68360372,123.6983383,soyabean
37.0,65.0,52.0,22.09931832,75.52303728,6.54630333,138.3690919,soyabean
24.0,54.0,43.0,22.28987185,70.53284527,7.16574179,134.1855633,soyabean
32.0,68.0,57.0,20.15366251,68.52887611,6.67661411,152.7432245,soyabean
31.0,63.0,43.0,21.82651619,75.01047961,6.96980265,120.6905136,soyabean
34.0,51.0,48.0,22.26870516,75.9057409,7.05755178,155.693568,soyabean
32.0,57.0,50.0,24.72462114,73.96626648,6.89602395,132.043632,soyabean
24.0,54.0,40.0,27.4891764,75.88325418,6.45143657,104.2961051,soyabean
39.0,60.0,58.0,27.22433423,61.70087243,7.06014792,106.3989352,soyabean
20.0,64.0,47.0,23.3893622,76.38667505,7.17997877,95.6837904,soyabean
23.0,57.0,48.0,27.63647033,61.93902785,6.52305422,122.1460424,soyabean
37.0,51.0,59.0,20.88568174,65.82545045,7.47947526,124.6880799,soyabean
36.0,62.0,53.0,21.17978999,76.66418914,7.13626473,164.6743765,soyabean
32.0,68.0,54.0,24.29745381,69.88085734,6.30254994,86.6261152,soyabean
39.0,53.0,54.0,20.2563225,78.49494952,6.75934655,182.2204171,soyabean
30.0,55.0,42.0,22.55428281,70.13382402,6.54508872,195.9691155,soyabean
31.0,68.0,53.0,28.54607563,69.4273622,6.71286979,184.2353805,soyabean
26.0,53.0,57.0,28.89092398,78.75654414,6.88112275,86.4354068,soyabean
30.0,57.0,53.0,22.80590216,71.13596769,7.1903868,165.0474296,soyabean
23.0,66.0,52.0,23.39528919,62.16291885,7.42430616,140.7801441,soyabean
22.0,69.0,41.0,25.25102398,67.37241305,7.13025585,87.9010597,soyabean
32.0,62.0,46.0,23.04110007,68.99450821,7.36533255,145.2514947,soyabean
22.0,69.0,47.0,23.87291174,72.00405094,6.12116882,141.6383206,soyabean
34.0,51.0,46.0,20.79893688,77.10971909,7.22884587,91.027531,soyabean
37.0,57.0,52.0,20.66168722,64.31876408,6.22933067,95.3424581,soyabean
26.0,60.0,52.0,26.56239893,72.1751665,7.18480216,129.4138433,soyabean
29.0,58.0,57.0,20.05720932,73.02639794,6.34500068,104.295462,soyabean
38.0,67.0,42.0,24.95171592,72.18445326,6.15958261,112.9890005,soyabean
34.0,62.0,46.0,27.50150281,64.29507332,6.03805723,180.1368492,soyabean
28.0,62.0,57.0,23.71519575,64.17777785,7.2954345,173.0175293,soyabean
29.0,54.0,58.0,20.25807168,60.40559948,6.29715629,154.6778428,soyabean
33.0,56.0,46.0,26.80158547,61.16267582,6.50924087,191.4939623,soyabean
24.0,70.0,43.0,22.23412545,61.61693603,7.15731969,184.9919989,soyabean
37.0,58.0,54.0,28.52956114,66.30111939,6.8355989,142.840688,soyabean
30.0,57.0,58.0,21.4950864,71.53819071,6.24881689,158.8993076,soyabean
24.0,58.0,59.0,26.68360702,74.80298787,6.36992613,133.7754439,soyabean
39.0,65.0,49.0,26.92613443,71.84380361,6.8540028,185.4437101,soyabean
27.0,56.0,44.0,20.43013964,77.40110386,6.05667445,161.4071776,soyabean
33.0,62.0,57.0,28.70410829,67.18890052,6.72040039,191.2049005,soyabean
34.0,55.0,51.0,21.37898822,71.82485812,6.79954584,117.7742748,soyabean
21.0,69.0,53.0,26.76056005,67.13967384,7.3153784,141.5225687,soyabean
34.0,69.0,45.0,29.24077805,73.40831029,7.31246559,191.7519953,soyabean
28.0,69.0,54.0,29.06872832,69.68945618,6.06300865,135.2392382,soyabean
31.0,53.0,49.0,20.15482459,65.45834321,7.24669083,80.2945504,soyabean
28.0,65.0,56.0,26.08504613,65.09253733,7.41778464,190.8977539,soyabean
36.0,61.0,54.0,27.12394028,67.36749015,7.38647453,165.5633843,soyabean
21.0,58.0,48.0,20.23085481,62.66762473,6.25025735,158.5545795,soyabean
36.0,70.0,47.0,29.37144967,63.34083563,6.89906883,166.1174704,soyabean
35.0,52.0,57.0,20.33403007,61.8216883,7.21965757,85.8952273,soyabean
27.0,60.0,51.0,29.11596887,67.3652558,6.40150014,85.4660187,soyabean
26.0,61.0,48.0,21.3132325,76.38329,6.41076378,199.5374291,soyabean
27.0,58.0,52.0,23.92029535,78.09859034,7.07766221,147.2004787,soyabean
29.0,63.0,59.0,20.40013131,66.64619821,7.19182844,136.4653622,soyabean
26.0,64.0,57.0,29.89333287,65.45095296,7.09701764,184.9987394,soyabean
35.0,57.0,55.0,27.89333482,70.64661205,6.15611393,115.0748207,soyabean
33.0,63.0,44.0,24.33622587,71.39023739,6.04559612,185.1926334,soyabean
39.0,61.0,55.0,27.46082157,64.0960305,6.65895491,124.5277682,soyabean
33.0,50.0,54.0,23.99141661,68.95884834,7.25330325,182.1538655,soyabean
36.0,56.0,46.0,25.63198092,63.24459142,7.01831735,117.1915891,soyabean
38.0,64.0,60.0,29.41974432,64.32377148,7.15051879,172.578185,soyabean
20.0,63.0,49.0,28.62404352,77.08535385,6.52014011,82.6762046,soyabean
32.0,57.0,48.0,23.09839772,78.86097621,7.24806111,101.5560592,soyabean
33.0,63.0,45.0,28.34798493,75.2361051,6.48712591,119.4915056,soyabean
31.0,51.0,44.0,20.85973735,76.8666471,6.72873084,166.1607452,soyabean
39.0,64.0,59.0,26.00218611,79.53942109,6.83176883,157.0554976,soyabean
21.0,64.0,58.0,25.83833273,73.42607026,7.19337037,198.8230147,soyabean
22.0,63.0,46.0,26.07623576,63.06913664,6.96013559,104.8095975,soyabean
32.0,53.0,45.0,23.27091506,69.76120313,7.25286832,192.9368402,soyabean
45.0,24.0,26.0,34.01653387,63.30945975,6.63300839,102.1312059,sesamum
45.0,20.0,24.0,32.10387647,58.22261174,5.71232328,43.5177313,sesamum
57.0,22.0,24.0,29.29418787,53.82575606,6.5019006,45.2502396,sesamum
48.0,28.0,29.0,29.23585827,59.05254213,6.12024571,115.4217601,sesamum
45.0,24.0,28.0,26.10586344,57.55465471,6.41454035,54.9397028,sesamum
50.0,25.0,29.0,27.79442422,49.61932696,6.19374141,109.9401501,sesamum
43.0,24.0,22.0,29.7437264,52.02287381,6.65995606,68.8879713,sesamum
57.0,26.0,27.0,34.01741676,51.57018109,6.84555777,116.1961011,sesamum
40.0,24.0,29.0,27.7308145,51.0524457,5.91195532,88.9850708,sesamum
49.0,27.0,29.0,27.0446672,63.65363805,6.51129906,61.1594299,sesamum
43.0,21.0,26.0,26.38775884,51.00060961,5.67064369,62.5322408,sesamum
52.0,28.0,28.0,27.45310498,64.3158306,5.89372668,40.6588993,sesamum
58.0,22.0,29.0,29.40351774,59.14241228,6.01346093,87.0135241,sesamum
46.0,26.0,27.0,25.11199305,54.16133878,5.56350242,50.5469294,sesamum
53.0,22.0,24.0,30.48483586,47.32106919,5.79650641,41.8485482,sesamum
41.0,30.0,21.0,25.67926204,47.16320704,6.56271738,80.7101001,sesamum
49.0,30.0,29.0,31.0210183,54.09920635,6.66941296,68.4942827,sesamum
59.0,26.0,26.0,25.46697818,63.9037716,5.84785168,65.0988207,sesamum
49.0,21.0,28.0,33.33990762,47.80570026,5.54144775,110.925129,sesamum
55.0,22.0,26.0,26.78233099,62.18364399,5.96898447,72.2818213,sesamum
48.0,22.0,24.0,28.6312871,64.03207125,6.80742527,115.7047119,sesamum
43.0,22.0,29.0,25.04373982,50.47743639,6.08914138,87.8103195,sesamum
56.0,21.0,21.0,32.51148368,56.79559202,6.88313898,101.5349432,sesamum
49.0,28.0,24.0,32.29013421,53.39344584,5.86614186,118.5101683,sesamum
47.0,29.0,29.0,32.98221182,53.6614901,5.86277942,113.4019782,sesamum
49.0,27.0,25.0,26.99350129,53.50862389,5.84170113,100.4395726,sesamum
52.0,27.0,23.0,25.44395265,61.35064832,6.22215302,119.191373,sesamum
48.0,20.0,22.0,31.12079318,60.75729439,6.47879032,60.3107209,sesamum
55.0,27.0,23.0,26.47273808,54.05129007,6.31823222,110.4957872,sesamum
48.0,28.0,26.0,30.81106245,55.11966658,5.78781507,71.8913068,sesamum
42.0,24.0,21.0,29.15916533,51.10762964,5.64815358,114.0435461,sesamum
48.0,28.0,25.0,27.60115983,63.83809946,6.5561285,82.4070798,sesamum
57.0,24.0,21.0,25.07759648,54.50585953,6.51056747,55.4241522,sesamum
53.0,30.0,25.0,30.07784187,54.91680062,6.72624738,114.4338795,sesamum
58.0,28.0,23.0,27.23897233,53.87833396,6.31751262,78.7370453,sesamum
57.0,29.0,24.0,33.6177384,48.48557357,5.52655667,89.7505571,sesamum
40.0,24.0,30.0,29.23693152,51.142999,5.6510404,112.4070499,sesamum
57.0,22.0,21.0,28.36368712,58.44168781,6.44070759,42.5695805,sesamum
43.0,27.0,22.0,25.58590888,49.30963966,6.78638151,119.8848199,sesamum
49.0,27.0,22.0,32.26106068,51.28953272,6.4148031,106.311769,sesamum
52.0,24.0,26.0,26.65535293,53.0546474,6.36514127,67.474447,sesamum
48.0,28.0,25.0,27.93676413,53.31407157,6.91047423,102.9565448,sesamum
51.0,25.0,21.0,27.70733732,64.98670246,6.09789949,64.6684057,sesamum
58.0,27.0,23.0,33.4053588,62.66736596,6.31530157,52.83151,sesamum
47.0,23.0,20.0,33.54820053,52.63148776,6.39735664,99.2028756,sesamum
53.0,24.0,21.0,33.54565169,58.71708985,6.56398578,41.4302787,sesamum
44.0,21.0,26.0,26.10579187,61.76675641,6.63471652,84.4407183,sesamum
54.0,30.0,21.0,26.26102696,52.85917613,6.85183603,108.1150957,sesamum
58.0,25.0,26.0,33.32758668,47.43022339,6.562221,104.8055447,sesamum
50.0,25.0,24.0,34.45050553,55.96407546,6.26381738,116.2542031,sesamum
44.0,27.0,28.0,31.0692228,56.29625562,6.51869325,108.8744386,sesamum
56.0,21.0,28.0,27.5369683,62.39537136,6.12110293,74.561984,sesamum
56.0,23.0,20.0,26.00228257,60.08751911,6.24318879,62.0860109,sesamum
49.0,21.0,23.0,26.51587912,57.94319122,6.67223536,113.3940682,sesamum
54.0,28.0,21.0,33.94538852,59.30211227,5.87609774,91.1643061,sesamum
53.0,24.0,20.0,31.78713236,54.45608928,6.67666231,111.9807692,sesamum
47.0,23.0,29.0,30.14979811,47.61469479,6.69548148,57.2057177,sesamum
53.0,24.0,28.0,33.05636925,52.55090846,6.92493251,103.0949143,sesamum
47.0,22.0,20.0,34.03559304,49.77973176,6.07857507,56.5210532,sesamum
59.0,20.0,28.0,25.37487957,63.3560508,5.98205493,51.1713864,sesamum
51.0,23.0,21.0,26.15556699,46.42734028,5.57488373,100.8446492,sesamum
50.0,23.0,24.0,34.10751813,59.3135296,6.8934201,110.7745902,sesamum
46.0,24.0,26.0,29.81699838,53.01315697,6.43543892,118.8944249,sesamum
56.0,24.0,27.0,26.00169326,52.04862051,5.90434254,72.237824,sesamum
40.0,28.0,24.0,25.73963187,48.49993658,6.37062725,111.175498,sesamum
52.0,30.0,30.0,27.98803064,62.1671211,6.05779017,119.8889142,sesamum
53.0,28.0,28.0,30.7427038,61.66113883,6.03300956,95.0491101,sesamum
40.0,23.0,21.0,34.05489477,45.73786578,5.84945832,57.584057,sesamum
46.0,26.0,25.0,26.64241067,49.73596069,5.82740422,80.2023701,sesamum
45.0,29.0,25.0,32.29266406,51.57690576,5.58819402,92.2791146,sesamum
46.0,26.0,28.0,27.61127144,51.69713902,6.89201311,77.1413136,sesamum
59.0,29.0,21.0,29.95509177,47.13238546,5.69789474,67.6464699,sesamum
43.0,26.0,29.0,28.75241132,56.98025274,6.99510066,108.5014123,sesamum
42.0,27.0,24.0,29.02753619,46.51920574,5.80921924,95.6325719,sesamum
45.0,23.0,21.0,29.93444279,56.44293756,6.79698867,85.5546146,sesamum
48.0,22.0,27.0,26.0387379,59.20290075,5.6905844,56.7069616,sesamum
46.0,25.0,24.0,31.23431793,57.88792325,6.56286869,97.1243465,sesamum
46.0,23.0,24.0,34.84937869,61.28103853,5.96119326,53.1723751,sesamum
40.0,20.0,22.0,30.33338115,62.15990445,5.67143693,98.9400177,sesamum
44.0,24.0,25.0,33.39121603,63.19436624,6.71530877,80.73962,sesamum
54.0,21.0,26.0,29.31716885,57.68101017,5.87303771,60.558875,sesamum
41.0,20.0,20.0,26.10355057,49.78977429,5.51252461,57.6977211,sesamum
60.0,23.0,21.0,33.57957455,58.56120754,6.31834382,63.6865671,sesamum
51.0,27.0,27.0,33.70810425,62.40210917,6.49980768,86.3149248,sesamum
49.0,26.0,28.0,34.91997009,48.65787545,5.50847816,77.6199189,sesamum
57.0,22.0,25.0,28.95076325,48.5427091,5.69887327,69.0902199,sesamum
47.0,30.0,30.0,32.25968779,46.03490959,5.67217942,42.4153612,sesamum
42.0,30.0,29.0,26.61672336,49.81070173,5.79089173,81.2437595,sesamum
51.0,22.0,28.0,34.22131326,58.13445413,5.96432975,74.9080955,sesamum
56.0,28.0,23.0,34.35955154,48.29482077,6.00957182,43.3720334,sesamum
49.0,28.0,28.0,30.33200664,47.00129343,6.87929594,87.0951179,sesamum
56.0,21.0,22.0,30.93652579,62.73468784,5.51843599,93.6530653,sesamum
60.0,21.0,29.0,28.1424152,64.47053104,6.72110243,63.0350199,sesamum
58.0,29.0,28.0,26.2000275,55.63943469,6.34520571,68.5437005,sesamum
56.0,28.0,29.0,33.09103217,63.76924106,5.52224524,103.1440359,sesamum
43.0,21.0,20.0,31.29672652,64.73827428,6.44311784,71.8434539,sesamum
47.0,26.0,28.0,33.03124166,53.53347961,6.90516092,90.7931388,sesamum
57.0,25.0,22.0,25.00157745,59.3647599,5.75458516,48.8877767,sesamum
45.0,23.0,26.0,31.74673992,46.11277319,6.09693592,49.9151355,sesamum
50.0,23.0,23.0,33.95719175,58.83637172,5.60054212,49.7294525,sesamum
52.0,49.0,107.0,31.01731041,90.12663573,6.12618411,355.9924405,copra
64.0,39.0,80.0,30.03307878,79.06307874,6.88983567,383.9206839,copra
77.0,50.0,115.0,26.44686188,91.8449917,6.99667658,364.6056618,copra
57.0,32.0,119.0,32.7089179,75.08254309,5.94403683,204.2049614,copra
64.0,35.0,108.0,24.77485797,78.25256593,6.34834649,277.609854,copra
56.0,46.0,97.0,28.84342902,76.81676362,5.6401478,225.7874611,copra
57.0,47.0,117.0,27.34077217,80.44892882,6.73938659,309.8311382,copra
72.0,50.0,85.0,30.94355889,91.64451567,5.573938,369.269756,copra
70.0,49.0,100.0,33.67812137,91.94314914,6.8707222,261.9517127,copra
56.0,41.0,98.0,25.00031671,80.15480123,6.81663751,350.3597889,copra
53.0,36.0,95.0,25.58132646,92.21208981,6.43389069,289.5084471,copra
78.0,39.0,91.0,24.03745095,85.6431497,5.71274324,221.4313394,copra
62.0,42.0,91.0,31.74721623,93.93582345,5.76283644,220.0880836,copra
55.0,49.0,82.0,24.04644483,92.47337311,6.9664485,261.4650362,copra
78.0,36.0,106.0,26.42329811,90.47358693,5.62004885,305.7371707,copra
78.0,39.0,115.0,33.79248279,94.19668763,6.17343316,265.8273411,copra
77.0,47.0,88.0,24.72682316,91.73421441,6.4364356,234.9091767,copra
52.0,38.0,103.0,33.74242526,83.78985025,6.78237544,212.0893846,copra
72.0,41.0,98.0,29.02398528,81.77359209,5.96390332,351.4023735,copra
66.0,48.0,102.0,32.51091882,86.1443809,5.85739362,241.3682076,copra
69.0,37.0,114.0,31.26441358,76.91072415,6.17994961,279.2048693,copra
79.0,46.0,86.0,27.29815809,88.00731121,5.91664607,351.3989519,copra
72.0,40.0,112.0,25.23880565,86.28883683,6.15561712,390.4602769,copra
74.0,42.0,106.0,28.28342794,81.62788278,6.89584304,395.448313,copra
76.0,36.0,99.0,25.49095679,94.15638648,6.12261719,280.8624862,copra
76.0,34.0,102.0,31.64220484,86.61827796,5.53594208,325.1179167,copra
52.0,34.0,83.0,30.27439008,86.32371969,5.93337147,322.4299643,copra
66.0,35.0,90.0,32.49070875,87.32958717,5.70558953,237.3022025,copra
55.0,47.0,110.0,28.06864108,80.23951129,6.48909862,395.8901526,copra
74.0,36.0,114.0,26.9708055,83.53105708,6.63839792,237.1906891,copra
53.0,44.0,91.0,33.95608712,76.53239628,6.73008905,294.607025,copra
74.0,46.0,110.0,28.53853256,86.89936715,6.0234924,394.7881167,copra
60.0,48.0,91.0,30.70263687,84.27022961,6.9836117,322.6780856,copra
58.0,35.0,85.0,27.47671741,90.25710956,5.67107545,321.5942335,copra
53.0,47.0,104.0,30.70185467,78.50349727,6.94128337,294.7566725,copra
69.0,31.0,81.0,26.51664435,83.59098247,5.6941045,297.4880948,copra
54.0,43.0,104.0,24.13659883,76.55295831,5.94169615,278.3389551,copra
55.0,38.0,105.0,26.31175883,81.87644983,6.32085614,322.8062397,copra
76.0,45.0,102.0,27.65051278,92.58834621,6.0434395,207.8487152,copra
80.0,43.0,107.0,30.05529275,84.6955612,5.55699676,221.1557814,copra
58.0,48.0,102.0,24.72682156,89.28243055,6.12012486,340.5701647,copra
68.0,40.0,97.0,26.33395452,93.82518128,6.38990664,317.7589058,copra
59.0,39.0,112.0,26.92835622,88.59016045,5.74242409,263.0978413,copra
74.0,33.0,111.0,24.12592613,92.96447038,5.60252757,316.2678434,copra
61.0,35.0,105.0,33.91597776,94.66431973,6.26350328,327.0049132,copra
63.0,40.0,107.0,27.28352074,76.50544482,5.65236182,214.6721519,copra
56.0,40.0,111.0,27.35476611,76.64705981,6.22824384,310.0591046,copra
58.0,42.0,119.0,26.12125399,84.46189076,5.66697148,393.7227631,copra
73.0,48.0,93.0,25.02832816,76.05945812,6.98805771,371.1205254,copra
78.0,32.0,85.0,25.04507563,79.18839634,5.54976124,394.0153238,copra
70.0,46.0,111.0,31.97488978,86.91615065,6.30261062,262.9092195,copra
67.0,41.0,113.0,28.11042565,90.26781357,6.97259083,219.9526008,copra
73.0,37.0,82.0,30.10642751,77.38500335,6.04486927,384.8068985,copra
52.0,49.0,108.0,27.90750348,89.81618729,5.99456826,320.2942202,copra
70.0,38.0,100.0,26.1392287,83.35712373,6.98480123,258.3646375,copra
73.0,45.0,92.0,24.11432677,83.54901066,5.62208547,282.0675189,copra
80.0,39.0,90.0,28.9106795,86.9835127,6.83684416,219.1337421,copra
61.0,49.0,104.0,30.25667181,93.20822179,6.01675278,254.7981201,copra
65.0,49.0,87.0,30.14481008,88.59350262,6.57949589,270.2439261,copra
59.0,44.0,89.0,25.88174646,75.16609682,6.12948212,394.011472,copra
63.0,49.0,86.0,26.00974033,90.80148254,6.38105017,356.7405978,copra
53.0,48.0,88.0,33.8563362,92.6479307,6.41946601,391.3127857,copra
60.0,32.0,88.0,31.93229678,78.00307288,6.25074234,331.9463065,copra
60.0,37.0,106.0,32.12033293,78.11837019,6.20049913,357.989654,copra
52.0,34.0,106.0,26.52679628,81.54383212,6.78238848,307.4241497,copra
56.0,46.0,111.0,28.63829732,90.49655533,5.71793757,267.4659062,copra
69.0,31.0,104.0,32.30583325,82.10898927,5.72897947,256.3107725,copra
75.0,31.0,96.0,26.84800374,93.23508664,6.05500531,350.1856787,copra
52.0,44.0,101.0,27.12945617,86.48323999,6.85130184,300.1510549,copra
65.0,39.0,88.0,28.51336033,94.1703255,6.63356488,252.1616854,copra
70.0,49.0,107.0,32.2748096,82.20235431,6.80690936,320.024788,copra
55.0,41.0,89.0,29.28058422,83.22454725,6.61560522,253.7594192,copra
80.0,31.0,82.0,33.71072459,94.58476337,5.8258861,330.985547,copra
76.0,34.0,119.0,25.01125188,77.24423078,5.71417728,314.6255847,copra
73.0,37.0,119.0,25.50448551,84.31933496,6.15163021,335.8074331,copra
75.0,39.0,104.0,30.45916526,94.71943888,5.90101707,209.8107145,copra
77.0,41.0,90.0,28.83354303,81.63380503,6.93233457,236.2995257,copra
57.0,47.0,105.0,26.31968452,77.42277148,6.86986843,201.2175062,copra
65.0,50.0,108.0,32.76858583,90.63444532,5.96259189,203.0830332,copra
75.0,36.0,86.0,28.68579804,83.49735854,5.83949626,257.7774599,copra
55.0,45.0,120.0,26.95936968,79.89617923,6.66668737,243.5331752,copra
54.0,41.0,104.0,30.80213371,80.84666623,6.55825399,266.0622011,copra
70.0,37.0,89.0,26.72084158,76.76625442,6.06150423,366.0277805,copra
76.0,34.0,83.0,26.11528626,82.86870979,6.60824116,212.8270504,copra
57.0,46.0,112.0,27.35913845,77.68476838,5.81062724,214.8345261,copra
80.0,43.0,102.0,32.4007716,91.13429536,6.64824775,203.3078899,copra
56.0,43.0,95.0,30.65404793,94.13097817,6.97372398,240.2892963,copra
76.0,36.0,120.0,29.16339819,90.85689068,5.73653301,286.5284961,copra
64.0,50.0,97.0,24.54539661,91.8442016,6.40610815,329.6336098,copra
62.0,30.0,104.0,24.01203614,87.32197124,5.51898674,237.8034135,copra
56.0,43.0,82.0,25.49431902,86.6035274,5.97010834,332.3530309,copra
72.0,35.0,84.0,28.26151548,93.91688818,5.61802549,243.5458068,copra
58.0,32.0,104.0,30.42931208,92.22260486,6.51980931,297.285167,copra
54.0,36.0,106.0,29.3100313,88.65928837,6.41968296,327.4781701,copra
76.0,42.0,111.0,30.78182585,93.04388237,5.87306073,277.1464656,copra
73.0,44.0,82.0,25.30189349,94.34638344,6.37226246,362.2815005,copra
53.0,32.0,104.0,24.34905859,85.83283016,6.01733376,277.5690199,copra
53.0,46.0,117.0,32.2242231,79.32981135,6.6348909,252.7145902,copra
56.0,45.0,118.0,32.81466765,87.7739819,6.57525581,277.5319801,copra
63.0,32.0,81.0,28.38428892,86.04430136,6.54321341,311.5322495,copra
36.0,25.0,25.0,28.20675383,64.02328007,6.08264083,118.291562,niger
48.0,29.0,29.0,20.34982488,60.221336,5.90500749,92.2965876,niger
48.0,26.0,21.0,21.55676126,67.60843496,5.70306789,128.833122,niger
47.0,29.0,22.0,22.40322881,62.17523135,5.96465873,143.1732086,niger
42.0,27.0,25.0,20.64195486,65.75846063,5.54328687,127.5031228,niger
34.0,27.0,28.0,27.46419233,63.08059901,6.11784622,124.2680504,niger
45.0,30.0,23.0,21.65620059,59.08146117,6.11656117,125.4716002,niger
48.0,24.0,22.0,24.55051705,60.81300659,5.92764925,88.6863266,niger
45.0,20.0,25.0,22.66228286,67.06583021,6.69065021,123.5120084,niger
43.0,24.0,23.0,27.58445957,61.42510347,6.75388611,78.2415356,niger
31.0,21.0,26.0,23.36926875,70.06399404,5.57749326,93.5478533,niger
45.0,27.0,22.0,27.47776638,62.94907851,6.59323327,86.8336387,niger
40.0,29.0,26.0,26.82756925,63.54406055,5.75938375,117.3223038,niger
45.0,25.0,28.0,26.1507334,58.01585632,6.58323337,136.8759289,niger
49.0,21.0,25.0,27.54523307,69.43259272,5.88833311,81.2708096,niger
48.0,22.0,28.0,23.28272294,58.16478525,6.18547054,83.4091405,niger
43.0,26.0,21.0,20.72310575,69.87534695,5.66904679,126.9505668,niger
31.0,26.0,21.0,29.07117419,68.9646598,6.85561866,144.0951137,niger
46.0,28.0,26.0,22.17799115,61.54400044,5.9590888,120.2796344,niger
33.0,23.0,25.0,25.8864367,73.46352057,5.84957515,129.8471493,niger
43.0,26.0,25.0,28.94710455,59.97072004,5.77984579,77.3047102,niger
45.0,22.0,24.0,21.37067943,58.46407262,5.54242739,74.3528102,niger
43.0,28.0,24.0,22.13346575,61.50780847,6.81186472,82.0589594,niger
42.0,24.0,26.0,25.45703016,67.5526071,6.64251236,144.8200252,niger
36.0,24.0,27.0,21.78532905,62.5229462,6.41695828,107.427041,niger
38.0,22.0,29.0,24.81355832,68.60122057,6.64347814,141.7826138,niger
33.0,23.0,25.0,20.36254895,74.680363,6.69851556,106.3925282,niger
37.0,23.0,22.0,29.55414165,63.2728951,6.68736086,146.1936556,niger
46.0,25.0,27.0,25.58723408,56.16092674,6.15247627,125.701078,niger
31.0,28.0,28.0,23.23662781,64.62620757,5.85561593,117.7330326,niger
36.0,26.0,23.0,20.0252755,57.02302116,5.58323608,133.380056,niger
49.0,24.0,25.0,25.51031353,57.89309804,5.72027225,118.8971465,niger
49.0,22.0,28.0,23.75497241,57.21497016,5.53525363,98.1980353,niger
33.0,24.0,24.0,26.56621949,73.37704103,5.95088668,102.0476299,niger
34.0,23.0,29.0,24.55011032,57.99273443,6.35745958,105.9781847,niger
36.0,29.0,29.0,25.16653489,59.50116691,5.62585381,102.8621672,niger
48.0,25.0,23.0,28.00324859,67.49036031,5.81183253,107.4452368,niger
34.0,23.0,30.0,24.00699281,65.42844085,6.28013491,132.3190805,niger
37.0,22.0,26.0,27.12718003,72.63975182,6.49780616,99.6939297,niger
32.0,30.0,24.0,26.66305323,65.93027417,6.43488626,86.4206024,niger
45.0,28.0,26.0,21.13938183,56.67903323,6.23284174,97.1651876,niger
36.0,30.0,28.0,25.17648089,58.34735061,6.48988644,148.2765338,niger
38.0,21.0,25.0,28.87291002,55.21931832,6.81099702,140.9036596,niger
35.0,20.0,28.0,25.9623108,66.48867515,6.79580013,135.0496218,niger
46.0,29.0,26.0,29.96146831,57.3308922,6.95147064,137.9635008,niger
40.0,24.0,26.0,25.06461119,72.4178114,5.58394834,87.0769213,niger
39.0,29.0,24.0,24.40536648,65.38905533,6.03755145,120.5593075,niger
46.0,25.0,28.0,23.3848051,68.15901656,6.30058099,127.4177804,niger
41.0,21.0,22.0,22.82625606,68.468416,5.92794658,71.4678929,niger
45.0,23.0,23.0,22.15925601,72.68942627,6.29186474,76.8295023,niger
39.0,28.0,26.0,24.20760208,69.13388761,5.93849427,147.8608595,niger
48.0,23.0,30.0,20.27629756,71.4768103,5.505257,85.9570149,niger
31.0,22.0,24.0,26.24335527,59.75242435,6.59584941,110.2616358,niger
49.0,28.0,23.0,27.086204,56.24898711,6.97339684,72.8128571,niger
33.0,27.0,22.0,20.9326012,73.41772316,6.26723015,97.5168491,niger
48.0,29.0,20.0,20.24656056,73.17385533,6.19620278,111.4726036,niger
31.0,21.0,24.0,26.92909152,72.35237732,6.91035129,99.3165317,niger
31.0,30.0,20.0,23.68677424,55.2018081,6.92147748,125.1325785,niger
50.0,30.0,22.0,25.65538915,67.74609653,5.77187171,129.1534331,niger
34.0,30.0,26.0,25.40065715,63.28553695,6.77057038,148.1746325,niger
42.0,29.0,30.0,25.48938679,55.07021702,6.51303194,73.2015713,niger
34.0,22.0,23.0,23.60065494,63.4107538,5.95740196,77.9093071,niger
31.0,27.0,25.0,26.34439941,71.55358814,6.1662163,104.2154327,niger
43.0,30.0,28.0,26.44716838,58.54141844,6.13900122,114.8417748,niger
50.0,25.0,29.0,29.98844827,66.5844007,6.11100238,73.3815195,niger
42.0,23.0,20.0,22.75729637,70.93097108,6.73127996,93.0574066,niger
34.0,30.0,24.0,26.09981493,66.20946964,6.40206432,143.1756595,niger
43.0,24.0,29.0,25.44236758,74.01100744,5.77159435,120.0318104,niger
46.0,27.0,28.0,22.72921728,58.39322163,6.91673182,108.71926,niger
44.0,22.0,20.0,29.68859335,68.89934921,6.01440267,102.1060355,niger
34.0,24.0,22.0,29.06742373,74.95300677,5.65945873,83.1291552,niger
31.0,23.0,25.0,23.01424912,59.01741471,5.80723187,131.9408455,niger
44.0,26.0,24.0,29.69532542,58.47278625,6.86356141,87.8410113,niger
41.0,21.0,24.0,25.22073571,61.61817166,6.3726869,113.3956645,niger
49.0,22.0,27.0,20.66416404,66.03656448,5.56509504,78.3951344,niger
30.0,22.0,26.0,22.02478564,68.36518874,6.55501143,84.5981065,niger
42.0,24.0,27.0,29.37816965,55.08563516,6.99257913,140.8351011,niger
31.0,30.0,23.0,20.91638205,57.24545517,6.07305225,128.1392452,niger
49.0,26.0,27.0,22.62814275,55.90459262,6.64295462,70.1498195,niger
37.0,22.0,21.0,21.24498898,73.29756761,5.76929244,81.2213771,niger
41.0,26.0,25.0,23.18798362,56.02540665,5.64858465,101.6535931,niger
34.0,26.0,27.0,24.34236697,62.74666842,6.29817979,137.3353414,niger
34.0,27.0,28.0,22.97300599,64.41082972,6.12880001,77.4571141,niger
31.0,21.0,22.0,28.49136636,59.71284664,6.25626523,144.8129609,niger
49.0,30.0,28.0,20.72683911,66.37637464,6.04573756,114.6945155,niger
47.0,30.0,25.0,21.85901712,55.0959965,6.01780605,110.7290954,niger
41.0,28.0,25.0,26.28083477,71.80672476,6.87470252,81.8641388,niger
47.0,27.0,22.0,29.26500619,55.64430721,5.78464534,107.0027955,niger
36.0,27.0,28.0,24.26902087,74.63835569,6.04056718,132.7133208,niger
48.0,24.0,22.0,27.16091918,57.1886081,6.1177952,91.6375284,niger
31.0,24.0,28.0,26.75323527,73.64991749,5.53699553,88.9542289,niger
44.0,30.0,30.0,21.00331053,57.96565076,5.85239379,126.1628535,niger
45.0,27.0,23.0,25.80761092,64.67360892,5.75466541,128.3067318,niger
39.0,23.0,23.0,22.65746376,56.89660878,5.81720548,97.7485609,niger
31.0,22.0,27.0,26.68237017,69.33768351,5.98820348,116.4948274,niger
49.0,20.0,27.0,28.62271729,58.35785384,6.93817997,96.1456245,niger
33.0,26.0,27.0,25.39506574,68.8184114,5.97561065,103.7071853,niger
47.0,28.0,21.0,22.35325551,66.15036529,6.43168795,146.5510754,niger
48.0,24.0,23.0,25.3251487,57.28496907,5.85160862,113.9420007,niger
30.0,23.0,22.0,27.2724232,61.99306761,6.95682818,77.4276069,niger
